MID,IOS_score,IOS_group,wc_self,wc_target,wc_intercept,Overlap_score,word_vec_avg_self,word_vec_avg_target,_merge,euclidean_distance,manhattan_distance,cosine_similarity
3,2,LowIOS,14,10,1,0.043478260869565216,"[ 0.1058292   0.02908306  0.05915746  0.02948001  0.0490743   0.03297472
 -0.06103039  0.03867036 -0.07479926 -0.05135     0.08041532 -0.01133765
 -0.04026837  0.05539275 -0.00908119  0.0444169  -0.01212827 -0.06782803
 -0.04734247  0.08197854  0.10174821  0.11512168 -0.02232329  0.01565233
  0.03569195 -0.05078308  0.02341729 -0.06442953  0.0666701   0.05736033
  0.05190947  0.01356006 -0.02404487 -0.04293329  0.00588103  0.03575427
 -0.01291572  0.08929018  0.13115165 -0.08150538  0.03941793  0.05079526
  0.09079647  0.08853699  0.03775631 -0.07025574  0.03074     0.13113075
  0.06424484 -0.02020193]","[ 0.10281058 -0.01622817  0.12231994  0.00109742 -0.00218687  0.02787927
 -0.05148222 -0.02377091 -0.15244712 -0.08287358  0.15333073 -0.07431631
  0.03301454  0.14427575 -0.01346614  0.13432023 -0.00487284 -0.13800052
 -0.01289379  0.05867501  0.15235135  0.09146103 -0.01179487  0.05281321
  0.07865671 -0.04814221  0.15315603  0.0578777   0.0954013   0.03366413
  0.03432774  0.02872022 -0.03622088 -0.04121505 -0.08759582  0.08627766
 -0.08704633  0.12249351  0.00707789 -0.11999208  0.09737505  0.13647243
  0.02958939  0.12762998  0.0676281  -0.04340216  0.0346836   0.14020813
  0.0083793  -0.02574127]",both,0.3921996645703992,2.212569275405258,0.759
11,2,LowIOS,4,15,1,0.05555555555555555,"[ 1.69084147e-02 -7.26589700e-03  2.11768001e-01  3.46988454e-05
  2.78253369e-02  1.86006159e-01 -1.10801533e-01  1.37388678e-02
 -1.07919291e-01 -3.11174002e-02  1.62223846e-01 -9.45587903e-02
 -5.82613274e-02  1.13149015e-02 -2.81379614e-02 -1.69324521e-02
  2.34440230e-02 -8.46295953e-02 -1.00445017e-01  1.51602104e-01
  1.31631836e-01  1.15991637e-01  7.09397569e-02 -9.47911106e-03
  1.50194883e-01  6.53571403e-03  2.25301772e-01 -4.01576869e-02
  1.77100047e-01 -1.71297099e-02  1.71521574e-01 -6.60564527e-02
  1.90913565e-02  5.55626154e-02 -2.73552034e-02  1.85374424e-01
  2.73409542e-02  9.31281149e-02  1.10288814e-01 -8.41103643e-02
 -2.46417932e-02  1.24074742e-01  8.20760131e-02  9.79813486e-02
  3.07613965e-02 -7.42990449e-02  6.17830157e-02  1.79972515e-01
 -3.58754508e-02 -2.90972479e-02]","[ 0.06061446  0.01933753  0.0653864   0.01110807  0.0927805   0.08103089
 -0.05848349  0.07032268 -0.07925627 -0.09130173  0.08744039 -0.09219343
 -0.07022969  0.06784607 -0.02529049  0.06993981 -0.01290852 -0.01498907
 -0.02086463  0.04605031  0.04045764  0.15943609  0.09746689  0.08675085
  0.00675843 -0.02400922  0.03966296  0.02031243  0.15282567  0.09266798
  0.07426146 -0.04593454  0.01236352 -0.01644511  0.01235578  0.04696546
  0.07567899  0.08208942  0.13274525 -0.10600837  0.00820954  0.10073516
  0.04830966  0.06991732  0.07368498 -0.02117671 -0.00865335  0.1206076
  0.03333277  0.01275936]",both,0.49484945269027475,2.8663775473833084,0.72
13,6,HighIOS,7,6,0,0.0,"[ 0.05254399 -0.02020597  0.08731089  0.00036927 -0.03880192  0.0104444
 -0.03426823  0.06878951 -0.0348581  -0.09229758  0.20505935 -0.06587104
 -0.02015748  0.05378917 -0.01443504  0.06320356  0.03120425 -0.0760327
 -0.08565705  0.05771589  0.15732233  0.13524438  0.08173642  0.07718852
 -0.04310788  0.00822987  0.1274949  -0.06637707  0.0915281   0.11720908
  0.06603398 -0.08094677 -0.03275773  0.02499928  0.03420201  0.08388519
  0.00880573  0.10806584  0.04470865 -0.1333726   0.05054634  0.18796378
  0.02436498  0.13233694  0.01364753  0.01256306  0.06608366  0.1070674
  0.02380846 -0.08592439]","[ 1.57473356e-01 -2.42090737e-03  7.84671158e-02 -8.42075329e-03
  2.30684280e-02  7.80527368e-02 -1.93795352e-03 -3.67632769e-02
 -1.60108492e-01 -1.47502944e-01  1.59772843e-01 -1.18317865e-01
  2.74319481e-02  5.02208769e-02  3.78382206e-02  7.45781809e-02
 -2.26123445e-02 -1.87279984e-01 -8.93053412e-03 -3.88778187e-02
  1.28597006e-01  1.53913692e-01  1.38553176e-02  4.86750491e-02
  8.96823332e-02 -9.40092560e-03  1.24138124e-01  1.18850599e-04
  5.87277710e-02  4.37137373e-02  9.74449515e-02  1.65037364e-02
 -4.13189791e-02 -2.41649318e-02  6.40747994e-02  8.10715333e-02
 -2.63489457e-03  1.22309037e-01  6.51413947e-02 -2.73510162e-02
 -5.86470822e-03  6.58801645e-02  6.66640997e-02  9.29196924e-02
  8.64247903e-02 -5.52090183e-02  2.24036705e-02  1.94086194e-01
  8.12953711e-02 -1.98238660e-02]",both,0.44835399986981583,2.635905505158007,0.711
17,3,LowIOS,15,12,3,0.125,"[ 0.04897259  0.03272291  0.11012402 -0.00098261  0.00105977  0.04510436
 -0.06409105  0.07698671 -0.04315123 -0.067583    0.09354154 -0.06079992
 -0.01485991  0.01227888  0.02717331  0.06316225 -0.00823379 -0.06537725
 -0.06249236  0.07394328  0.09762453  0.12382017 -0.02316623 -0.00590838
  0.05993418 -0.01891891  0.03773098 -0.07106152  0.05502256  0.06755856
  0.05104208 -0.011626    0.00248089  0.06164967 -0.02843298  0.08919223
  0.07020687  0.09534396  0.12799531 -0.10824635  0.04005269  0.10135979
  0.04030319  0.06201994  0.05999285 -0.03475166  0.05785607  0.06350146
  0.00413858  0.01385805]","[ 0.10208222  0.0109177   0.06720565  0.06214175  0.03481948  0.10789227
 -0.06369865  0.08049281 -0.08863188 -0.111403    0.10094739 -0.09055596
 -0.00183341 -0.00395728  0.02203364  0.10435928 -0.01398647 -0.12815654
 -0.09896836  0.05470735  0.14345671  0.08721895 -0.08336762  0.02108461
  0.10162327 -0.02064127  0.08497427 -0.06404036  0.03411621  0.06120972
  0.07108211 -0.00296653 -0.03133225  0.03745273 -0.02951272  0.05656823
  0.0061706   0.10186578  0.07724    -0.10303954  0.01523386  0.08819854
  0.08507197  0.08716264  0.07422791 -0.10389958  0.08572408  0.13407606
  0.06066683  0.01375937]",both,0.25816739658126175,1.4955459972843528,0.879
22,6,HighIOS,4,15,4,0.26666666666666666,"[ 0.03574508  0.05513598  0.23960969  0.04327343 -0.08485791  0.07077427
 -0.0125687  -0.09583731  0.06138303 -0.17883575  0.11964497 -0.10714415
 -0.03503913  0.12607491  0.02709156  0.12799723 -0.07675223 -0.11567524
 -0.08966061  0.05516512  0.02130418  0.12873843 -0.02972277 -0.05890918
 -0.07726061 -0.01196383  0.04725552 -0.01854929  0.12481567  0.00971079
  0.04072611 -0.05508791  0.03857131 -0.0526396  -0.03034513  0.19315994
  0.05552408  0.22741036 -0.0413635  -0.09535078  0.00353371  0.14715512
  0.04787369  0.15633161  0.09072215 -0.07600974 -0.02209955  0.0528723
  0.08447854  0.10049379]","[ 7.4052483e-02  3.6018115e-02  1.9052523e-01  1.1944109e-04
  2.0954844e-02  7.7215046e-02  3.4299847e-02  7.6831073e-02
 -5.8456998e-02 -1.3954958e-01  1.1083810e-01 -8.4787399e-02
 -7.6653495e-02  6.0955115e-02 -1.2958192e-02  8.2631908e-02
 -3.3296868e-02 -6.8503104e-02 -8.7666877e-02  3.0791918e-02
  1.8127125e-02  1.7944315e-01  3.5214182e-02  3.9233629e-02
 -7.4581983e-03 -3.3322446e-02  4.2834461e-02 -3.5916220e-02
  1.0931185e-01  7.8332588e-02  5.2694075e-02 -6.1871033e-02
 -7.2009359e-03 -2.0044263e-02  1.1782136e-02  7.3515251e-02
  6.5302372e-02  1.2839821e-01  8.5950106e-02 -1.1574774e-01
  2.4838957e-03  1.6878079e-01  3.1232787e-02  1.4386643e-01
  5.4236844e-02 -7.4727617e-02 -3.5340504e-03  8.9577056e-02
  5.4099649e-02 -4.5672534e-03]",both,0.41116580227458943,2.1905746192205697,0.792
32,3,LowIOS,6,8,0,0.0,"[ 0.18410411  0.00728607  0.1265705  -0.00527498 -0.0070366   0.02245315
 -0.11480893  0.00543677 -0.08674487 -0.11048527  0.16203582 -0.11528005
  0.035216    0.08042966 -0.03597506  0.06982954  0.01275582 -0.06207003
 -0.05877124  0.08575854  0.11478388  0.06477051  0.11251186  0.0800107
  0.0183028  -0.00141173  0.09819106  0.05106218  0.07402651  0.03921724
  0.04290805 -0.05905684 -0.07508244 -0.00701609  0.00289958  0.0277158
 -0.05484617  0.12884614  0.07556936 -0.1725215   0.0160434   0.14693494
  0.00591494  0.10531466  0.10914042 -0.0067894   0.00149559  0.23997363
  0.04077541 -0.08513044]","[-0.0041533  -0.0571744   0.0600893  -0.01714465  0.01567062  0.06504798
 -0.05669693  0.08607303 -0.09933405 -0.10725796  0.05338912 -0.09586664
 -0.07560237  0.04667564 -0.02894012  0.11446455 -0.06780764 -0.15747316
 -0.03028139  0.06974259  0.07415843  0.11701471  0.07769085  0.01532918
 -0.01754365  0.03104841  0.06356447 -0.0096461   0.11224336  0.08084677
  0.11662267  0.00636726 -0.05114284 -0.02069069 -0.01483583  0.04732577
  0.04705192  0.04145142  0.14264022 -0.13926807  0.01511961  0.08979681
  0.08639303  0.05281503  0.01394507 -0.01950032  0.08597528  0.17730908
  0.00065272 -0.01577707]",both,0.4416277029635543,2.59085201844573,0.717
41,3,LowIOS,2,14,2,0.14285714285714285,"[ 0.00366257 -0.04054385  0.2521671   0.01913172  0.04520322  0.17291684
 -0.15579852  0.05666503  0.00220343  0.02069771  0.1917037  -0.13599434
 -0.09482212  0.0375645   0.02210271 -0.03941012  0.03166565 -0.23515919
 -0.1702179   0.08025856  0.1007476  -0.01308411 -0.10499134  0.00124712
  0.23661575  0.00506669  0.1469396  -0.08519132  0.20786658 -0.07925823
  0.1449832  -0.14356887 -0.01915252  0.03192962  0.12300303  0.2225306
  0.0914365   0.08495913  0.08495839 -0.06859194  0.0475493  -0.09317444
  0.14153269  0.00845518 -0.073106   -0.04030848  0.1592022   0.14407629
 -0.15513237  0.03008102]","[ 0.00602157  0.05015625  0.12892061  0.0359227   0.09717176  0.10292499
 -0.12559117  0.03268767 -0.04133761 -0.09570247  0.09226086 -0.00662946
 -0.04222444  0.04659118 -0.01718653  0.00883523 -0.00783668 -0.06291008
 -0.1396316   0.07411215  0.06440488  0.06821061  0.05521101  0.01433348
  0.05818602 -0.04647516  0.05885644  0.04696392  0.08354583  0.04547723
  0.05579121 -0.08408489 -0.05065051  0.01543522 -0.03386785  0.08369894
 -0.00442374  0.0629996   0.07228233 -0.08016432 -0.01534875 -0.0172196
  0.04664064  0.08922552 -0.01822762 -0.04034643  0.03414038  0.12205166
  0.00735196 -0.04005494]",both,0.6169258977746371,3.5694035850465298,0.677
42,6,HighIOS,13,15,3,0.12,"[ 2.1194121e-02 -4.0219501e-02  1.2135086e-02  1.5629776e-02
  6.9143303e-02  5.2425452e-02 -7.6229967e-02  1.2521339e-02
 -1.4829548e-01 -6.4849369e-02  7.7291951e-02 -1.1020123e-01
 -5.3741699e-03  2.1142390e-02  1.5820190e-02  7.3298052e-02
 -1.3338360e-01 -8.3160728e-02 -4.2493399e-02  2.4449997e-02
  8.8825278e-02  6.0012758e-02 -1.5101762e-02 -3.1955205e-02
  7.2044265e-03 -6.2880389e-02  4.2897549e-02 -1.6947344e-02
 -8.8391639e-04 -2.1122629e-02  6.8414599e-02 -9.5617929e-03
 -3.7961520e-02  4.7683276e-02 -6.4851306e-02  4.5019150e-02
  8.9010000e-02  1.4433238e-01  3.4733117e-02 -5.7074696e-02
 -5.2056037e-02  1.0429302e-01  5.3165559e-02  1.0719464e-01
  1.0153662e-01  7.6917931e-05  6.6047952e-02  9.0767473e-02
 -3.8951049e-03  6.6014037e-02]","[ 0.03818737 -0.00728261  0.14105798  0.0177803   0.02757864  0.09588877
 -0.06382918  0.03076952 -0.06680637 -0.08558604  0.10788064 -0.07362758
 -0.03287311  0.04297955 -0.01520014  0.02720443  0.02828596 -0.04154933
 -0.11035076  0.06808676  0.14103082  0.08437623  0.03833182  0.04730213
  0.07987946 -0.05817923  0.10927054 -0.00505639  0.11274069  0.04227587
  0.10129382 -0.07236172 -0.0392198   0.0121874  -0.01336042  0.05151661
  0.06512313  0.1494782   0.1234694  -0.07897064 -0.03513796  0.06961421
  0.02182914  0.06836181  0.06802515 -0.03009102  0.01128358  0.15297998
  0.02361158 -0.03760652]",both,0.38946893217502376,2.2128531634807587,0.688
43,1,LowIOS,28,18,6,0.15,"[ 0.06807982  0.03903689  0.10688438  0.04615929  0.06820227  0.03625423
 -0.05506153  0.00067083 -0.1069987  -0.09256079  0.11342551 -0.07646266
 -0.07662132  0.09197038 -0.01418356  0.08661889 -0.07727443 -0.06028676
 -0.0323588   0.01308013  0.07711262  0.08467806 -0.03783648  0.01294524
  0.03909604 -0.00353631  0.07918877  0.03895026  0.09243326  0.07151389
  0.05864554 -0.03376641 -0.0304876  -0.0239639  -0.01651611 -0.02286984
  0.02425521  0.11436297  0.06467759 -0.08209462 -0.01119216  0.11007416
  0.04063333  0.08279378  0.05033698 -0.02973826  0.02111057  0.13741924
 -0.04583296  0.00441098]","[ 0.1120254  -0.00926766  0.12189267  0.03727306  0.04549756  0.06167261
 -0.06879389  0.05284233 -0.1260885  -0.11577886  0.08428388 -0.03754966
 -0.04037801  0.04196791 -0.03370463  0.08391637 -0.02801306 -0.03880763
 -0.08442602  0.02689117  0.12495182  0.12617703 -0.06354699  0.00117029
  0.06325377 -0.03370015  0.06642699 -0.00853227  0.084976    0.07532366
  0.07565763 -0.00833412 -0.05425056  0.01941671 -0.03869628  0.00779984
 -0.01247028  0.15687273  0.09065061 -0.04792886 -0.02929589  0.09515229
  0.04782248  0.12453108  0.07152165 -0.01828147  0.00310226  0.14793684
 -0.01588922 -0.04048505]",both,0.21627675338082253,1.3580497866496444,0.906
46,3,LowIOS,12,4,0,0.0,"[ 0.0630988  -0.03333686  0.04930169  0.00063493 -0.04580068  0.08001722
 -0.06271843 -0.00602268 -0.06802941 -0.11244147  0.11536344 -0.05325761
 -0.01433766  0.06824968 -0.00549408  0.1064639  -0.03502899 -0.08092169
 -0.05585408  0.06189535  0.07351106  0.17429325 -0.00156282  0.04583287
  0.0387783  -0.04849921  0.07518533 -0.00041602  0.04156449  0.06051819
  0.12543549 -0.00640423 -0.00602225  0.0641652  -0.05789695  0.07565062
  0.05027349  0.15826242  0.07716545 -0.08693378 -0.00409829  0.13229164
  0.03801002  0.10233179  0.07534269 -0.07559577  0.02808173  0.10060091
  0.04566181  0.01951824]","[ 0.19804408  0.04585594  0.2036964  -0.01754256  0.02946378  0.0379317
  0.01494031 -0.00811446  0.00930114 -0.14154744  0.08605524  0.05452689
 -0.03766158  0.1104423  -0.14087228  0.10798878 -0.00790559 -0.12171035
 -0.09877491 -0.02191188 -0.05301471  0.04950982 -0.0750915   0.00364719
  0.09943445 -0.07699495 -0.01089274  0.04555824  0.06265979  0.18426766
  0.2518494  -0.14831963 -0.03760039 -0.0283114   0.09022578  0.13665397
 -0.06067033 -0.01403411  0.09228837 -0.07367457 -0.03067724 -0.01525203
  0.01819313 -0.0108103   0.0130863  -0.10403935 -0.04296222  0.11675791
  0.01931493 -0.08844251]",both,0.5946641462386769,3.4898950732313097,0.497
48,5,HighIOS,12,11,3,0.15,"[ 0.04056099  0.00793217  0.10800476  0.02165738  0.01756543  0.11144412
 -0.07457927  0.01888158  0.00525122 -0.06700726  0.06365523 -0.09980004
 -0.08880084  0.03644166  0.03675135  0.11533673 -0.14108357 -0.13406706
  0.00478949  0.02652108  0.09340377  0.07923073 -0.10203156  0.02310555
  0.09007005 -0.01712409  0.05701489 -0.1008956   0.00980567  0.06373474
  0.01774504 -0.01782127  0.00480054  0.00996787  0.00673266 -0.02127575
  0.11929148  0.08462537  0.12480199 -0.06439143 -0.07689396  0.07874969
  0.08241773 -0.00454552  0.08071526 -0.04921521  0.17475471  0.02351498
 -0.00099053  0.14101581]","[ 0.08884796  0.04529652  0.11056251  0.03638473  0.07272489  0.07448038
 -0.08956043 -0.00207266 -0.03170308 -0.07085896  0.04649313 -0.05908955
 -0.08260654  0.07252902  0.03119827  0.08067611 -0.08112177 -0.13339652
  0.00171353 -0.04879451  0.01616848  0.07231461 -0.03781378 -0.01446264
  0.12333993 -0.01686089  0.02804285 -0.04107349  0.0057674   0.02435978
  0.07199793  0.00225585  0.01756446 -0.01241751 -0.01209359  0.04808644
  0.02591292  0.09194649  0.06392271 -0.07197667 -0.00431273  0.06876887
  0.08601201  0.02478741  0.06737873 -0.04943735  0.10870458  0.04457967
 -0.02467686  0.03133167]",both,0.2972819530303178,1.6192358587868512,0.833
50,3,LowIOS,14,7,0,0.0,"[ 0.14700195  0.02765682  0.14794107  0.00208015  0.0312414   0.07504807
 -0.00761084  0.03179932 -0.0895826  -0.14707331  0.10413343 -0.05248331
 -0.03927772  0.07201845 -0.09809151  0.08578842 -0.032695   -0.07506584
 -0.07298577  0.00352764  0.02967896  0.09223395 -0.00237343  0.03563766
  0.05986585 -0.05797789  0.07343739  0.0054311   0.09088114  0.1034897
  0.11183698 -0.09850315 -0.015812   -0.02030191  0.0172116   0.0670692
 -0.02036628  0.08695816  0.08850638 -0.11653157  0.02783537  0.09089855
  0.03136374  0.08380824  0.09194672 -0.05874879  0.03835093  0.15459546
  0.0328864  -0.00603807]","[ 0.09682513 -0.02310699  0.2036302  -0.05849947 -0.00165221  0.08959091
 -0.08746034  0.08229713  0.05657703 -0.03415233  0.11445507 -0.08550347
 -0.06206769  0.05685929  0.0583851   0.0552357  -0.01550923 -0.1398306
 -0.048845    0.10071451  0.06450154  0.04870667  0.04422756  0.01587389
  0.10095696 -0.04506352  0.04882897 -0.12798606  0.04489552  0.01320824
  0.08563635 -0.02967031  0.0207131   0.01115919  0.04855873  0.11386581
  0.13233161  0.11654771  0.18337649 -0.06077049 -0.09043943  0.13798223
  0.04811227  0.02474692  0.03926929 -0.07197016  0.14750423  0.01766286
  0.07472562  0.14516117]",both,0.5096086740523174,2.938958490267396,0.607
54,2,LowIOS,46,21,4,0.06349206349206349,"[ 0.07972316  0.00766218  0.05414728  0.02788195  0.06631214  0.06836643
 -0.08546531  0.04130629 -0.04780534 -0.07592962  0.07757647 -0.05590528
 -0.05058686  0.06244439  0.01590979  0.09384613 -0.05948491 -0.06576832
 -0.02757323  0.0457085   0.08529533  0.10620309 -0.0105108   0.02773415
  0.0437035  -0.0140309   0.04205849 -0.01637007  0.05865664  0.06274153
  0.07603557 -0.00702078  0.00034711  0.01840769 -0.02676137  0.05597336
  0.0680901   0.09257111  0.13604714 -0.07008604 -0.02553239  0.05648843
  0.06595132  0.06704417  0.07418098 -0.04851795  0.03894541  0.08307933
  0.0120123   0.02327251]","[ 8.40369463e-02 -2.80214613e-03  1.12279817e-01 -2.67850477e-02
 -8.91175387e-06  4.37940098e-02 -4.14127447e-02 -1.70578491e-02
 -3.32266954e-03 -4.56640050e-02  9.65087488e-02 -5.08488975e-02
 -1.35390377e-02  8.43932629e-02 -6.04871660e-02  7.50697926e-02
 -4.71468829e-02 -4.21132408e-02 -6.85074702e-02  5.83685711e-02
  8.83428752e-02  6.71057254e-02  6.44719228e-02  4.02315781e-02
  1.42736677e-02 -7.07835481e-02  2.80459393e-02  1.18533261e-02
  5.25772385e-02  1.24139637e-01  6.10771738e-02 -8.42110813e-03
 -3.00108027e-02 -9.95362643e-03  3.56052667e-02  8.03342497e-04
  7.55026042e-02  7.96016902e-02  8.15421715e-02 -9.02111903e-02
 -3.62618454e-02  1.06531814e-01  2.18843594e-02  9.47542712e-02
 -1.59751102e-02  2.93409042e-02  8.86818953e-03  7.23066330e-02
  3.57416756e-02 -1.06789628e-02]",both,0.2857583704049413,1.6756254192441702,0.768
67,1,LowIOS,13,11,0,0.0,"[ 0.07763564 -0.03641362  0.13498305  0.03115249  0.03109181  0.09974058
 -0.0500342   0.06761812 -0.02269121 -0.09743786  0.12019627 -0.07766332
 -0.05531702  0.05845947  0.02885007  0.10929462 -0.08527747 -0.11774962
 -0.05530096  0.01829226  0.02621873  0.09135294  0.00681446  0.00185573
  0.12027939 -0.07505536  0.08932233 -0.01608675  0.03228696  0.06035092
  0.11849678 -0.01967917  0.0082257   0.00726154 -0.02592711  0.03968256
  0.06280175  0.07211337  0.15039374 -0.06013129 -0.03517499  0.09815447
  0.04605303  0.07853215  0.03543286 -0.04842104  0.08733495  0.03680332
  0.02459193  0.01919854]","[ 0.0807805   0.03990518  0.11526284  0.01269229 -0.02111438  0.12348395
  0.01991068  0.1272568  -0.01030736 -0.07954692  0.15069233 -0.11589961
 -0.04624571  0.0846267   0.02306507  0.10795319  0.01325397 -0.13354035
 -0.04127289  0.01451307  0.15624854  0.15124036 -0.09138611  0.10264735
 -0.01855085 -0.09436876  0.02352047 -0.1053591   0.0624558   0.10194049
  0.04381904  0.00351089 -0.01287023 -0.00133427 -0.04638722  0.1230825
 -0.0032928   0.10851433  0.08085969 -0.08060589  0.04418922  0.07358623
  0.01069955  0.12355282  0.04169204 -0.08560682  0.046877    0.13098706
  0.05961946 -0.0081763 ]",both,0.3950465178796277,2.219283771701157,0.741
69,6,HighIOS,4,10,1,0.07692307692307693,"[ 0.1711908   0.06220258  0.10293562  0.03755704  0.06551912  0.11298342
 -0.05040084  0.03494224 -0.12527446 -0.08145561 -0.01993077 -0.15086694
 -0.07157671  0.13531955  0.05705499 -0.01291002 -0.00454194 -0.10680755
 -0.0684838  -0.06345169  0.07976317  0.10527641  0.11407493  0.18052992
  0.05145214 -0.08972214  0.0887183   0.0641453   0.03381552 -0.00606183
  0.05399447  0.00306184 -0.03392247  0.05685138 -0.00773698 -0.04205452
  0.13381772  0.08524796  0.05208518 -0.10739916 -0.07452676  0.08112707
  0.08719642  0.08300853  0.08140567 -0.00806093  0.11795167  0.2025406
  0.08805966 -0.0130186 ]","[ 6.77906871e-02  1.28928140e-01  9.57003087e-02  4.23847064e-02
  1.15206815e-01  9.18473154e-02 -9.78280306e-02  5.11408076e-02
 -7.45104700e-02 -3.18590328e-02  6.84732497e-02 -3.02633643e-02
 -5.73644526e-02  1.44249380e-01 -5.46402745e-02  6.84632882e-02
 -3.37373205e-02 -1.10050485e-01 -2.15944238e-02 -4.82368059e-02
  3.85385603e-02  6.37153685e-02 -6.71363994e-02 -1.44294892e-02
  5.01605496e-02  1.73595138e-02  1.19259372e-01  4.78966832e-02
  2.22178586e-02  7.00380802e-02  1.04430437e-01 -7.68283242e-03
  7.43473023e-02  2.59256549e-02 -3.98671255e-02  4.53516841e-02
 -2.14247368e-02  4.06337716e-02  5.20631298e-02 -4.62386422e-02
 -3.28684375e-02  4.64554466e-02  1.11379253e-03  7.01080114e-02
  4.98604588e-02 -9.52303380e-05  6.16987050e-02  1.30729243e-01
 -5.05997017e-02  3.77245694e-02]",both,0.5090355436651613,2.7518190648406744,0.6
72,3,LowIOS,17,15,1,0.03225806451612903,"[ 0.0728546   0.01586156  0.09261564  0.04477324  0.00724849  0.0739077
 -0.10361345  0.01652736 -0.02392217 -0.10138037  0.11106968 -0.0611029
 -0.02836359  0.04504602  0.00098835  0.03477791  0.0031659  -0.11161809
 -0.05294824  0.09449761  0.11366457  0.06321736 -0.06450938  0.0068393
  0.07528681 -0.0459861   0.06623799 -0.00639064  0.00776046  0.06006284
  0.06595924 -0.03351899 -0.03444699  0.01624131 -0.03377977  0.05426933
 -0.02729019  0.14121312  0.06045593 -0.06288896  0.02369674  0.10254346
  0.0394107   0.07847446  0.0865017  -0.00346074  0.068722    0.12135585
  0.02051347 -0.00635502]","[ 0.13462935 -0.05740517  0.08734024  0.00847235  0.03957516  0.04652981
 -0.10471812  0.01135199 -0.06293562 -0.1027918   0.08800638 -0.08225249
 -0.03575168  0.05536461  0.01991937  0.07990951  0.00356301 -0.07753362
 -0.05504744  0.02767125  0.047263    0.12835597  0.03136932  0.08193148
  0.00366249 -0.05803756  0.00166771  0.00938794  0.10636245  0.07758573
  0.02727919 -0.01344652 -0.08481374 -0.01942867 -0.01087129  0.03379877
  0.05824337  0.11597773  0.12637897 -0.07592492  0.04509289  0.14373626
  0.03361254  0.08343405  0.15428248 -0.01942513  0.04409644  0.16655259
  0.05554853 -0.01715067]",both,0.3105260556861647,1.7457182370126247,0.809
73,5,HighIOS,8,4,1,0.09090909090909091,"[ 0.15109457 -0.03472725  0.15014985  0.02510402 -0.04164112  0.06838215
 -0.06636908  0.04660719 -0.09356198 -0.15828516  0.19035941 -0.08416119
  0.08090995  0.10589836 -0.09720653  0.10536005 -0.02127737 -0.04350062
 -0.06938189  0.00744465  0.10302476  0.07803477  0.01485278  0.0805629
  0.09900229 -0.05881412  0.0583472   0.08793979  0.08310357  0.11968039
  0.06436226 -0.03895532 -0.08445743  0.03762156 -0.04021986  0.06116988
 -0.02330589  0.17988954  0.0629617  -0.04465132  0.0810481   0.11966707
 -0.00502395  0.1323854   0.10071514  0.01686556 -0.02299134  0.20357534
  0.01307832 -0.06477968]","[ 0.11834875 -0.01318953  0.16610713 -0.00474596  0.07004393  0.04180196
  0.02759452  0.03648168 -0.03395105 -0.1270031   0.09940846 -0.03302615
 -0.06976821  0.20702736 -0.09540331  0.03414871 -0.06656659 -0.21576275
 -0.16212332  0.00348272 -0.03385364  0.09913602  0.05348511 -0.00234953
  0.12413552 -0.03694366  0.09779383  0.04750995  0.11534988  0.08515128
  0.08663045 -0.03912657 -0.04036254 -0.01078449  0.02219805  0.13173842
  0.01910507  0.08767451 -0.01545478 -0.08403711 -0.02585054  0.19859068
 -0.04744862  0.07451615 -0.05562451 -0.04117267 -0.04267982  0.12332001
 -0.02856413 -0.12578535]",both,0.49719430445041246,2.8911216403357685,0.696
76,3,LowIOS,7,4,3,0.375,"[ 0.07211787 -0.01431833  0.06461365 -0.01050731 -0.04832627  0.05425172
 -0.09031497  0.03478335 -0.03412315 -0.04789052  0.05164179 -0.00591831
  0.02173355  0.06198422  0.01976494  0.03381327  0.06926572 -0.17223832
 -0.00345508  0.08332833  0.09849399  0.09475721  0.01495258  0.08200406
  0.0723655  -0.11238823 -0.01601323  0.0227673   0.14965531  0.11021594
  0.0879537  -0.01655682 -0.04598924  0.04465343 -0.01543575  0.08833657
  0.04219273  0.08606486  0.04406171 -0.05304892  0.04464311  0.06293914
  0.01203798  0.02992354  0.05531371 -0.03674422  0.06204971 -0.00682066
  0.08518747  0.03533364]","[-0.04551653 -0.05170137  0.05460553  0.02994177 -0.04559548  0.08577643
 -0.08136876  0.13773477 -0.09571154 -0.01513797  0.02750064 -0.04628763
  0.00132572 -0.00590801 -0.08474419  0.05223935  0.09492076 -0.1268178
 -0.05117931  0.07036562  0.12425955  0.08003613  0.03612771  0.1233293
  0.0672719  -0.11336555  0.07685386  0.03954214  0.20194349  0.13559714
  0.17441812 -0.04565737 -0.07612632  0.0493493   0.01170311  0.11783984
  0.00781504  0.07798041  0.03442848 -0.10055213  0.01035392  0.08513127
 -0.03607889  0.03359339  0.10250761  0.02325918 -0.02320203  0.09168816
  0.01533211 -0.03278587]",both,0.35114873326727214,1.9936855789273977,0.788
78,2,LowIOS,16,8,3,0.14285714285714285,"[ 0.05568034 -0.00075618  0.09024278  0.0387223   0.02046551  0.07622944
 -0.06794897  0.02811409 -0.09109166 -0.11280336  0.11025931 -0.07729801
 -0.03775146  0.04202347 -0.03910902  0.01050264 -0.00116215 -0.0434067
 -0.06449839  0.05451351  0.16160282  0.09755768 -0.00423207  0.01803419
  0.04519326 -0.03503443  0.0944555  -0.01915745  0.08327252  0.09790784
  0.1042207  -0.05869291 -0.06981449  0.0728362   0.01062596  0.0814471
  0.02493358  0.10704695  0.09954491 -0.03469064 -0.00061723  0.05673672
  0.03215439  0.07983668  0.12715527  0.0083546   0.01543669  0.16776289
 -0.00210577  0.02744475]","[ 0.08752768  0.02688264  0.18317822  0.03076549 -0.02736691  0.05252389
 -0.06696487 -0.10931517 -0.04829541 -0.07906844  0.08149011  0.06861502
 -0.04012852 -0.00564842 -0.04015242  0.04526081 -0.01441293 -0.01694662
 -0.09358914  0.12212101  0.02088388  0.05853526 -0.09636561 -0.0607329
  0.16199355 -0.00986914  0.03660526 -0.00545624  0.09762844  0.04792539
  0.145844   -0.00841014 -0.00352019  0.07986368 -0.01357687  0.12240024
 -0.07108422  0.11932229  0.09887106 -0.03807354 -0.00259491  0.06851052
 -0.05578975  0.01186723  0.07902411 -0.04242687  0.0169199   0.04596575
 -0.042599   -0.00899471]",both,0.42327562089403115,2.2838246268220246,0.652
81,3,LowIOS,11,15,2,0.08333333333333333,"[ 0.08956863 -0.0573144   0.09301707 -0.01861542 -0.00255581  0.03864228
  0.04147855  0.08183247 -0.11230722 -0.13715845  0.18115662 -0.15470982
 -0.01974466 -0.01535898  0.06504745  0.08207881 -0.04676351 -0.06589292
 -0.02627334  0.01393924  0.13160457  0.14165796 -0.0020953   0.144163
  0.02597107  0.00410901  0.10622709 -0.04026553  0.03526127  0.04997557
  0.14210363 -0.03707478 -0.01840082 -0.02539564 -0.04670572  0.08537037
  0.06055206  0.11397064  0.10000081 -0.15105851  0.08041694  0.1291416
  0.0382666   0.08540852  0.05320964 -0.06810391 -0.01823692  0.18633942
  0.04530381 -0.01572283]","[ 0.06861622  0.00853982  0.13451776  0.01353414  0.03476993  0.08065677
 -0.01922079  0.0419366  -0.07512098 -0.0738556   0.11423118 -0.05980358
 -0.03705923  0.02157024 -0.01327968  0.06678139 -0.04768946 -0.0447885
 -0.0841457   0.07337756  0.06039164  0.12232263  0.00042693  0.05202643
  0.08523608  0.01212859  0.11872678 -0.01800037  0.05896439  0.06730665
  0.11438149 -0.00747583 -0.0231947  -0.00310934 -0.01026073  0.06379134
  0.05960763  0.15209715  0.10465809 -0.07637184  0.07152005  0.10321473
  0.01508573  0.11939571  0.04886845 -0.05000576 -0.02626902  0.11613386
  0.0203357  -0.00561319]",both,0.29792063479614606,1.7067999201826751,0.875
82,7,HighIOS,15,18,2,0.06451612903225806,"[ 0.05812669  0.00285519  0.04680847  0.00245461  0.00015733  0.05016863
 -0.02325578  0.07952496 -0.04706393 -0.14339283  0.08307171 -0.01902111
 -0.04154624  0.05191322  0.00532333  0.11156725 -0.01961425 -0.11629736
 -0.10977338  0.10949358  0.09785829  0.12060835 -0.03854273  0.01556393
  0.0550315  -0.04185457  0.06545161 -0.04683509  0.05739444  0.09774467
  0.04936253 -0.05642289 -0.05743307  0.06147476  0.01847378  0.05045823
  0.06241557  0.09716765  0.04601316 -0.06715915 -0.01484692  0.08826531
  0.04276025  0.08059016  0.02250162 -0.05010019  0.05855818  0.03714172
 -0.01099157  0.01880807]","[ 0.09875053 -0.0269885   0.08577037 -0.00460766  0.03215896  0.04048628
 -0.05715082  0.04859974 -0.03774622 -0.0672588   0.07691877 -0.04594079
 -0.01998491  0.07932092  0.04351659  0.06516398 -0.04788401 -0.12973708
 -0.01005415  0.0357771   0.09447744  0.14365023  0.05083706  0.03625842
  0.07553088 -0.02298019  0.08160959 -0.02582931  0.05879632  0.06171098
  0.10713729 -0.03544037 -0.03565145 -0.01401407 -0.01485451  0.05238769
  0.04717282  0.0625975   0.07905241 -0.09806757 -0.01357471  0.07151429
  0.01302562  0.03473841  0.07502793 -0.06236222  0.04287107  0.08731328
  0.03105355 -0.00961138]",both,0.2701093038398864,1.560468434356153,0.82
83,3,LowIOS,32,15,2,0.044444444444444446,"[ 0.0922787   0.04291109  0.12209094  0.03378028  0.04046026  0.05989555
 -0.07027012  0.03603157 -0.04569235 -0.08848397  0.10713752 -0.06913867
 -0.03786656  0.06551378 -0.02199461  0.08787261 -0.02944387 -0.08891099
 -0.07203001  0.03818006  0.04250844  0.05670967 -0.07090849  0.00963313
  0.04896636 -0.01731144  0.03114308 -0.03030003  0.0301957   0.0592999
  0.08645115 -0.0456959  -0.01317788  0.00903031 -0.00768994  0.08221748
  0.02891379  0.10813906  0.081897   -0.0684585  -0.01334628  0.10463937
  0.05033946  0.08800516  0.06460958 -0.04339071  0.07415932  0.05698205
  0.00656563  0.04698308]","[ 0.10082974  0.04696399  0.1699084  -0.01191827  0.04681604  0.1002624
  0.03230523  0.03808869 -0.00360517 -0.14159882  0.09878116 -0.08443537
 -0.08519095  0.04103604 -0.0943996   0.0861911  -0.05492766 -0.02562894
 -0.07342472  0.04048284  0.0140779   0.06010391 -0.03250443  0.03953805
  0.04390343 -0.08090623  0.05142823 -0.12184739  0.03779417  0.04903125
  0.04426337 -0.03127425 -0.00786805 -0.00206518 -0.03544557  0.09874171
  0.04579219  0.11765095  0.1418016  -0.1248863  -0.01326012  0.1365912
  0.04102637  0.09446912  0.02047437 -0.11590885  0.05548969  0.04011414
  0.09369083  0.06068858]",both,0.27859456499961427,1.4740271493792534,0.857
85,5,HighIOS,7,7,0,0.0,"[ 0.03381977  0.0092251  -0.02041423  0.09176684  0.09851849  0.04377695
 -0.13880607 -0.04800354 -0.03109766 -0.06131131  0.12075644  0.01300229
 -0.1151762   0.08693692  0.04624522  0.00073369 -0.03518254 -0.08296002
 -0.03900369  0.08340935  0.08218119  0.11324135  0.00742153  0.02166603
  0.08874614 -0.04232533  0.04448865 -0.00688226  0.08209375 -0.02045862
  0.03746156  0.01459963 -0.00672686 -0.00328238 -0.12376221  0.0330138
  0.0617392   0.12548217  0.13793892 -0.02697805 -0.02507107 -0.04481636
  0.07309958  0.07714631 -0.01415733 -0.08511366  0.07481616  0.09080402
  0.03498775 -0.00281032]","[ 0.09007956 -0.02277895  0.12372316  0.01842971  0.06316587  0.07948621
 -0.07260913  0.09505945 -0.08110625 -0.1237712   0.074329   -0.0578986
 -0.06607998  0.084809   -0.02810056  0.06915005 -0.05718598 -0.11058597
 -0.03326255 -0.04104562  0.04820783  0.06924097  0.00996967 -0.04697109
  0.14425823 -0.03517125  0.05008535  0.01108325  0.09213771  0.07974664
  0.09784619  0.04092243 -0.04418363 -0.02359513 -0.040827    0.02435599
 -0.04312058  0.10739367  0.1362721  -0.03396188  0.00041145  0.09590953
  0.08887465  0.08978146  0.04646967 -0.02961359 -0.02451104  0.13730629
 -0.02062961 -0.00481607]",both,0.43515104741675154,2.41717256908305,0.619
86,2,LowIOS,12,11,1,0.045454545454545456,"[ 0.07901908 -0.03951569  0.137418   -0.03145717 -0.01970802  0.12071472
 -0.02998618  0.06176081 -0.05700468 -0.10074249  0.15103705 -0.09952763
 -0.04315724  0.02605112  0.01509904  0.07281855 -0.05949674 -0.09966346
 -0.05210475  0.06952259  0.09036334  0.07020657 -0.01266761 -0.00361429
  0.10895221 -0.02259887  0.10564531 -0.04473629  0.08463942  0.02693223
  0.11430753 -0.0681467  -0.0215426   0.05989279  0.04439744  0.1188474
  0.07466658  0.10376917  0.09184163 -0.10197467 -0.02109779  0.11832078
  0.06773704  0.04908654  0.03835294 -0.06446154  0.04219494  0.13946277
 -0.01064848  0.07481028]","[ 0.03448028  0.05041538  0.00050931 -0.05988267  0.09036981  0.07657271
 -0.01336881  0.03913492 -0.05579631 -0.07481606  0.12308106 -0.09234668
 -0.06247709  0.01996324 -0.0912323  -0.00170159 -0.07328231 -0.03860192
 -0.03516661  0.02765736  0.02060229  0.07681447 -0.00044982  0.01324372
  0.08954387  0.03951976  0.07291487 -0.05471033  0.0633967   0.01152257
 -0.04528828 -0.00171687 -0.00829589  0.00865695 -0.09248071  0.14618982
  0.03680756  0.06532627  0.07514965 -0.15885855  0.08944563  0.12407625
  0.06332257  0.17993926 -0.02280749  0.02419264  0.00935206  0.09874343
 -0.00049942  0.00346288]",both,0.43378428909289374,2.3228230802342296,0.655
87,2,LowIOS,15,17,3,0.10344827586206896,"[ 0.0591039   0.00156634  0.12270451  0.02183075  0.0435036   0.10700913
 -0.06825628  0.09833664 -0.14512058 -0.11886418  0.10112105 -0.08925636
 -0.05351093  0.05190106 -0.03853948  0.0686584  -0.05371065 -0.08573611
 -0.03057675  0.02031892  0.09477912  0.11746408  0.00472473  0.04663518
  0.0524002  -0.02727025  0.14045864  0.01767418  0.08184881  0.08791702
  0.11609754 -0.04312365 -0.04714148 -0.04406615 -0.05138534  0.02511012
  0.01853788  0.08594463  0.12410191 -0.14438218  0.0016992   0.10950558
  0.10990396  0.07703767  0.07766657 -0.06388512  0.05611165  0.1905646
  0.03752865  0.02501602]","[ 0.05570973  0.01825618  0.05397754  0.00485347 -0.0079207   0.09388751
 -0.05288341  0.08515273 -0.02680097 -0.05505287  0.07764045 -0.02559305
 -0.0242463   0.10573671 -0.00748355  0.00237844  0.08549641 -0.16012716
 -0.06937301  0.01058856  0.07700229  0.07038708 -0.02401334  0.02854985
  0.12337613 -0.07967191  0.07323729  0.01567207  0.05653171  0.06292702
  0.06472193  0.04012251  0.01596202  0.06765155 -0.01671585  0.0361249
 -0.02048024  0.09988756  0.01938951 -0.06986748 -0.01485555  0.08427912
  0.05038009  0.1094772   0.09854789 -0.00409864  0.05689578  0.08105925
  0.01583136 -0.04922669]",both,0.3964422075154132,2.273269385099411,0.729
91,2,LowIOS,34,28,5,0.08771929824561403,"[ 0.06940667 -0.0013609   0.11218073  0.00679303  0.00988169  0.09467661
 -0.04362845  0.04867527 -0.03243927 -0.06470963  0.11434857 -0.05618188
 -0.04529205  0.0541032  -0.00652028  0.05050434 -0.00176929 -0.09788341
 -0.06944171  0.01359803  0.10475641  0.1256656   0.00587839  0.02070606
  0.07199144  0.00617083  0.08917762 -0.0239275   0.07351688  0.05131154
  0.10723364  0.01504144  0.03017427  0.00483316  0.01212012  0.11834702
 -0.00085401  0.11887395  0.07815887 -0.0659858   0.00807142  0.06386678
  0.01255048  0.06895065  0.04166284 -0.00896713  0.0336883   0.0869445
  0.08317189 -0.00145102]","[ 0.08870533 -0.00962192  0.09201618 -0.00690209  0.02375555  0.04443979
 -0.07506116  0.05471792 -0.04324096 -0.07105748  0.05924756 -0.06729174
 -0.05698955  0.05249451  0.00723945  0.08734398 -0.02091218 -0.09698298
 -0.07355404  0.05103859  0.07288751  0.10193837  0.0059222   0.00358679
  0.0395007  -0.04336006  0.01888469 -0.04814115  0.09416465  0.07753163
  0.09869681 -0.02913403  0.00158745 -0.0004361   0.0057016   0.07232395
  0.05311614  0.11282103  0.1180615  -0.09478419 -0.02113207  0.07185934
  0.05474072  0.04413679  0.04739124 -0.06404837  0.0309696   0.08839776
  0.04243662  0.00282825]",both,0.20506555687867692,1.149953234475106,0.893
92,7,HighIOS,9,10,0,0.0,"[ 0.08257107  0.04837709  0.09895909  0.00305015 -0.07991622  0.07270274
 -0.05695545  0.06369023 -0.10537551 -0.04502802  0.16685386 -0.13511768
  0.0883513   0.04965186  0.01093269  0.1229926   0.04335432 -0.10106368
  0.0231375   0.0120514   0.07986706  0.20630823  0.01015685  0.15002635
 -0.08556309 -0.07976828  0.08236006  0.00597637  0.12307031  0.09891662
  0.02833862  0.03827349  0.032075   -0.06399412 -0.05281743  0.13363233
 -0.02320508  0.10834645 -0.02619225 -0.14848877  0.15464689  0.08710454
 -0.05543585  0.09450705  0.05192706  0.0158296  -0.00622864  0.09507671
  0.12353142 -0.09523999]","[ 0.07451881 -0.04724866  0.02130947 -0.05548793  0.04337037  0.03664793
 -0.08116764 -0.00927487 -0.00570394 -0.06827211  0.08425041 -0.0298072
 -0.06511851  0.02214739  0.00216157  0.10441346 -0.01516448 -0.04067323
 -0.03461494  0.09261155  0.04565099  0.0881355   0.02505812  0.06583358
 -0.02237508 -0.02057825  0.03556243 -0.05067957  0.08130231  0.00402877
  0.08831685  0.02403447  0.00045059 -0.03558603 -0.01465509  0.04058344
  0.0477271   0.17090441  0.11217488 -0.11852381  0.0278735   0.11268782
  0.05382717  0.0749056   0.07164064 -0.08347514  0.04505567  0.1292008
  0.08381283  0.00374424]",both,0.5063206507913378,3.0783644784241915,0.607
93,1,LowIOS,8,11,2,0.11764705882352941,"[ 0.15132828 -0.00149192  0.12814593 -0.03665727  0.04026276  0.05354849
 -0.08453697 -0.02413489 -0.02433586 -0.08933552  0.14019512 -0.12104377
 -0.0102639   0.0721162   0.06676471  0.12141288 -0.02904904 -0.13503724
  0.0116664   0.03738384  0.10554521  0.15785928  0.0792843   0.0684103
  0.03701168 -0.01822801  0.06149545 -0.10662512  0.01424519  0.03829736
  0.06825542 -0.01654785  0.0170845   0.02037135 -0.00021995  0.06968533
  0.07086568  0.12907636  0.08563489 -0.11795224 -0.02621414  0.1102875
  0.02989222  0.072125    0.06372851 -0.10017399  0.08504477  0.09739304
  0.10075248  0.00090427]","[ 0.07615209  0.04073517  0.06002965  0.02787356  0.02996602  0.12036461
 -0.06771122  0.06145972 -0.01478167 -0.07194812  0.15085872 -0.04029869
  0.00277915  0.04901253  0.00802461  0.01589777 -0.01803282 -0.17876707
 -0.01931045  0.04394828  0.06566191  0.14085223  0.0145147   0.05348233
  0.07988293 -0.0461095   0.11138675 -0.02269637  0.06038942  0.04474693
  0.02838731  0.00432468 -0.0006522   0.04009719 -0.04764668  0.08448926
  0.02540458  0.07555395  0.03926556 -0.04363352  0.05473477  0.03916287
 -0.01247996  0.07606909  0.07718352 -0.0267555   0.06935945  0.11948793
  0.00788554  0.05063804]",both,0.35073443579013786,2.0801272373646498,0.787
95,7,HighIOS,49,42,17,0.22972972972972974,"[ 0.0649865  -0.02003834  0.10926826  0.0017502   0.02740167  0.06170888
 -0.03782406  0.06547221 -0.07113128 -0.09216696  0.1136608  -0.09668063
 -0.05615385  0.02850784 -0.0005495   0.08690888 -0.05712176 -0.060499
 -0.05029429  0.05974463  0.11744113  0.1268045   0.02516367  0.03027576
  0.02083945 -0.03141402  0.06347312 -0.05587743  0.07097976  0.06297157
  0.10103223 -0.04684631 -0.00875979  0.02324174  0.00777579  0.07639557
  0.05696091  0.12984735  0.12142348 -0.10034209 -0.0125993   0.10038548
  0.05226333  0.07450201  0.07143179 -0.06428973  0.05536822  0.10956769
  0.04784889  0.0506089 ]","[ 0.06452183 -0.00144116  0.09344731  0.00995325  0.04130641  0.06933381
 -0.04531377  0.09928288 -0.10080559 -0.08833526  0.09465706 -0.07779764
 -0.05014135  0.04098734 -0.03676153  0.0778979  -0.02158683 -0.06876348
 -0.06871842  0.01519593  0.08823635  0.12574175  0.03247473  0.03530763
  0.03820343 -0.05470978  0.08462822 -0.01747429  0.08779481  0.08760526
  0.09506888 -0.04056948 -0.02845646  0.03171487 -0.00280222  0.07609412
  0.04827868  0.13002935  0.11353457 -0.08836491 -0.0132481   0.10654455
  0.04989369  0.08059913  0.0773607  -0.03073803  0.00889614  0.14421873
  0.02731674  0.02461853]",both,0.14206681666029916,0.7944937814027071,0.959
98,7,HighIOS,15,7,1,0.047619047619047616,"[ 0.06520622 -0.00512624  0.12804276  0.03229035  0.0168097   0.06735935
 -0.00403752  0.12057661 -0.07943095 -0.12059306  0.1428723  -0.11638628
 -0.04506389  0.0390677   0.02920513  0.0571261  -0.05286206 -0.12602459
 -0.03998923  0.03972113  0.09363548  0.09651966 -0.04842426  0.02524452
  0.03414986  0.01996588  0.05782398 -0.0419193   0.05592046  0.04402763
  0.05284602 -0.04824746 -0.03422849 -0.00316401 -0.00444971  0.06068573
  0.04838518  0.0904929   0.1040873  -0.10400299  0.00938917  0.08667941
  0.05322609  0.07795539  0.04777688 -0.04373721  0.07003462  0.1241862
 -0.01334407  0.02045645]","[ 0.08080582  0.04441794  0.05800483 -0.00082027  0.06618297  0.07723308
 -0.01668254  0.03131063 -0.10069413 -0.12424134  0.10092039 -0.01072088
 -0.04350232  0.14371304 -0.11290395  0.05580408 -0.12061063 -0.01605752
 -0.02708984  0.08118767  0.00860026  0.14257748  0.03753738  0.08425198
 -0.04341066 -0.10574304  0.01135955  0.03371191  0.1527569   0.1216334
  0.02291634 -0.02034957 -0.07667833 -0.04793208  0.01209118 -0.04200424
  0.00927412  0.11512227  0.07585873 -0.10943665  0.01073708  0.11945642
  0.07266136  0.07739922  0.03651248 -0.0827783  -0.04757863  0.10084806
  0.02634719 -0.01499313]",both,0.4328620780305889,2.4417611956596375,0.651
99,2,LowIOS,10,9,3,0.1875,"[ 0.00546868 -0.05563881  0.08282025 -0.06261402  0.03951991  0.07958235
 -0.04920519  0.06706877 -0.08827682 -0.08431883  0.15405205 -0.09273441
  0.02005931 -0.00805333  0.0376765   0.08895086  0.00465543 -0.03564865
 -0.03511598  0.09736767  0.0843759   0.11265137  0.0784752   0.06188636
  0.03713938 -0.06687055  0.09989059 -0.05598381  0.12119414  0.03845242
  0.08980401 -0.06405846 -0.03008378 -0.01743274 -0.06982432  0.11942694
  0.06372657  0.13135576  0.1625118  -0.15372036  0.07177861  0.14249489
  0.04572409  0.10673976 -0.01486738 -0.07647352  0.03502014  0.12475214
  0.05910313 -0.01339194]","[ 0.06801978 -0.06492463  0.10933442  0.015072   -0.02937267  0.07098791
 -0.03089889  0.06396415 -0.15644583 -0.1655092   0.18779844 -0.08488998
  0.03128624  0.03342335 -0.06357308  0.09881477  0.00036729 -0.05889674
 -0.03174054  0.08656505  0.14449604  0.20326172  0.04862399  0.07818992
  0.02860844 -0.07324122  0.10447194 -0.03381068  0.13844375  0.07594457
  0.13576052 -0.02627859 -0.06879796  0.00072292 -0.07677001  0.12077553
 -0.03996541  0.14588107  0.15231785 -0.09844795  0.09003945  0.12032592
  0.04154219  0.09261037  0.05768166 -0.09419642  0.02084971  0.20976488
  0.07461814 -0.0547369 ]",both,0.30343248223913705,1.602340112440288,0.898
100,3,LowIOS,10,12,2,0.1,"[ 0.16246535 -0.03605923  0.12302289  0.03020004 -0.01320286  0.08821564
 -0.07227897  0.0964622  -0.09332967 -0.16538878  0.12761444 -0.09044319
  0.02940219  0.0527035  -0.03887326  0.04122529  0.02618278 -0.15934129
 -0.05218223 -0.01458018  0.12177853  0.0726262  -0.00890144  0.07282424
  0.11934159 -0.11028899  0.0624421   0.01550365  0.08611841  0.05857738
  0.09263369 -0.03425017 -0.07031929  0.0183371  -0.01514213  0.08757054
  0.05691147  0.16900958  0.05835234 -0.07411677  0.00382076  0.15172641
  0.01230317  0.10305335  0.05535826 -0.04224494  0.0998784   0.2432877
  0.12594296 -0.0259595 ]","[ 0.1717168  -0.0455227   0.08302858 -0.00260336  0.03994798  0.02290756
 -0.08235224 -0.0109628  -0.04703857 -0.11111379  0.14880241 -0.0884121
 -0.01175613  0.1125553  -0.04399028  0.03519322 -0.00026275 -0.10471115
 -0.05249527  0.04182919  0.10591298  0.09214757  0.05020873  0.07536643
  0.01668353  0.00488309  0.09148362  0.05231694  0.04629927  0.03217139
  0.06297266  0.00304015 -0.05314277 -0.0031904  -0.00946826  0.01531965
  0.0129206   0.15076177  0.06593712 -0.09831186 -0.0045915   0.12059442
  0.02297458  0.08342578  0.0957791   0.0095497   0.00888807  0.1969776
  0.03624425 -0.04378771]",both,0.32799767977603717,1.832646382972598,0.863
103,7,HighIOS,23,24,7,0.175,"[ 0.06651755  0.00950758  0.1053886  -0.00368173  0.00686509  0.07374075
 -0.07599428  0.04126827 -0.02894138 -0.06526741  0.0877943  -0.04455508
 -0.06784213  0.055744    0.00898029  0.0812104  -0.04752174 -0.05838013
 -0.08414216  0.1048332   0.08299418  0.11858596  0.00644258  0.01131143
  0.06179387 -0.07463276  0.06481861 -0.05794473  0.1152159   0.04462745
  0.08726455 -0.01096081  0.01285231  0.02105667  0.0046574   0.09420066
  0.06002225  0.1402995   0.133715   -0.10683039 -0.03711706  0.06102373
  0.06250942  0.04382636  0.04166649 -0.05280137  0.04101384  0.10224818
  0.02245875  0.04851963]","[ 0.10547068  0.01244375  0.11211661 -0.02639652  0.0129105   0.07488479
 -0.0085374   0.04767268 -0.04561739 -0.1312732   0.12934363 -0.04758147
 -0.03742092  0.11830931 -0.03959222  0.08865631 -0.03393432 -0.09124686
 -0.05275333  0.05030096  0.07007201  0.1317093  -0.00494608  0.07932474
  0.05522479 -0.07529604  0.07937807 -0.03211958  0.08265055  0.06785012
  0.10711958 -0.01952684  0.00698201  0.00571786 -0.03364099  0.12265797
 -0.00398439  0.13444819  0.09790494 -0.11297639  0.03058581  0.09817527
  0.06260605  0.11580697  0.00025842 -0.09663453  0.01730461  0.10576843
  0.06926359 -0.00642932]",both,0.24942572789373565,1.389229021500796,0.886
104,1,LowIOS,16,5,3,0.16666666666666666,"[ 0.02390588 -0.02795727  0.15676042  0.0026336   0.05801207  0.08049125
 -0.01961835  0.04703325 -0.0693782  -0.05125306  0.07638226 -0.06277838
 -0.09638005  0.06410488 -0.03951061  0.08856741 -0.06991795 -0.04123268
 -0.02429692  0.04726657  0.07197818  0.11565172 -0.00503014 -0.024837
  0.04536071 -0.03202274  0.09824947 -0.04300622  0.05429308  0.04000422
  0.08341773 -0.02955341 -0.04071623 -0.00946638  0.00697386  0.01832011
  0.02542308  0.11733405  0.08039652 -0.0748604   0.02170606  0.14205843
  0.04011711 -0.00215222  0.05820974 -0.03995708  0.04165648  0.1112394
  0.0059866   0.03158472]","[-0.01102931 -0.11354611  0.10473116 -0.06017598  0.0651567   0.11941189
 -0.03746107  0.00311454 -0.02195337 -0.10829588  0.02034607 -0.08158851
 -0.1828027   0.03879364  0.0749424   0.1613928  -0.05467309 -0.01497024
  0.03117519  0.00699871  0.02823231  0.19671707 -0.04692886  0.01647545
 -0.08181534 -0.01501593  0.14307469 -0.07883147  0.00600568  0.07635367
  0.09516884  0.0316256   0.0078593  -0.03988916  0.04456331  0.02416448
  0.13497177  0.20965621  0.03577816 -0.08348686 -0.00956408  0.14980224
 -0.01210283  0.07958388  0.07393448 -0.0684161  -0.01033348  0.10900386
  0.05914301  0.0355623 ]",both,0.37914677142042097,2.2552468571811914,0.774
106,3,LowIOS,7,1,1,0.14285714285714285,"[ 0.03551286 -0.0136052   0.14883475  0.01996281  0.05369423  0.07970933
 -0.0701458   0.08079804 -0.06834567 -0.04032626  0.10157305 -0.03569392
 -0.02731484  0.09316851 -0.0125711   0.08570629  0.00084913 -0.09144203
 -0.02823021  0.11749511  0.18388413  0.22027837  0.05354611  0.02948372
  0.08360458 -0.09707332  0.12054851 -0.05488706  0.06807365  0.07542513
  0.07812376  0.02360761 -0.04963741  0.04953759  0.00337909  0.07416622
 -0.04502701  0.10476799  0.13489452 -0.02535174  0.04296584  0.03225523
 -0.00467877  0.10098331  0.10083248 -0.05861586  0.06700759  0.07412642
  0.05581952  0.02829411]","[-0.12244472  0.08506945  0.37974653  0.12219112  0.10913444  0.18157256
 -0.13434272 -0.14052261 -0.18542036 -0.08892633  0.18474734  0.16299258
 -0.10695881 -0.1731109   0.0533818  -0.00592784 -0.02220126  0.04389568
 -0.072359    0.2595782   0.08932277  0.27141142  0.08027203 -0.21480198
  0.19366497 -0.01224035  0.04764429 -0.14372903  0.14140534 -0.01805264
  0.09474239 -0.10040195  0.04303667  0.07761846 -0.00110483  0.18580177
 -0.16214636  0.17417412  0.26681262  0.04778054 -0.10799459 -0.01187478
 -0.14454536  0.03399004  0.00177313 -0.14411716  0.1756754  -0.00063019
 -0.02146375 -0.14493662]",both,0.8216567556179375,5.05792215000838,0.57
110,2,LowIOS,2,1,0,0.0,"[-0.09689514 -0.01303733  0.31273127  0.02465067 -0.19971767  0.12591502
 -0.12758714 -0.10934773  0.00040765  0.04532445  0.03229446  0.10023788
 -0.0515719  -0.06261183  0.02910232  0.02454771 -0.00035761  0.13919663
  0.00146014  0.14972912  0.13567378  0.02825308  0.02165041 -0.10272033
  0.10748892  0.0029965   0.10261653  0.00223021  0.14286682  0.02416778
  0.13053492  0.03401479  0.08914554  0.13290468 -0.06533737  0.1304344
 -0.174237    0.10775203  0.20808533 -0.04379238 -0.09789623  0.05698053
 -0.12604836 -0.07424691 -0.02316798 -0.03568021  0.03196162  0.05358641
  0.05069522 -0.04206059]","[-0.0979448   0.08260778 -0.10529925 -0.10637449 -0.06515829  0.0156747
  0.08967051 -0.02742672 -0.2917306   0.04931106  0.07849904 -0.10658352
 -0.03197766 -0.27994084  0.03407573  0.22926779 -0.18541913  0.03282878
 -0.22735947  0.2540307   0.0835078  -0.07378262 -0.20971929  0.09438429
  0.0333653  -0.27299625 -0.058965   -0.16475101  0.0817052   0.13232289
  0.08649772  0.1133598  -0.0426182   0.14671318 -0.21617056  0.3065917
  0.01941193  0.17804433 -0.00170891 -0.2195513   0.04230165  0.23334679
  0.00983645  0.10235158 -0.06763689  0.00880806 -0.07996355  0.00142441
 -0.12512983 -0.06389519]",both,1.1038078617250635,6.565909570083022,0.212
113,2,LowIOS,10,8,1,0.058823529411764705,"[ 0.067823   -0.00300507  0.10699318  0.00613612  0.04686021  0.12967631
 -0.07759393 -0.064082   -0.04223239 -0.12284659  0.1150921   0.00723757
 -0.01170407  0.07519275 -0.03880579  0.05079411 -0.04656026 -0.10638062
 -0.09154975  0.05060875  0.11096728  0.10606857 -0.02786825 -0.05849282
  0.10005803 -0.00886398  0.16088505 -0.01489873  0.01912675  0.03495789
  0.06461517 -0.01252063 -0.03435289  0.03530332 -0.06425917  0.07924333
 -0.06677166  0.11529671  0.03876475 -0.00828589  0.02578385  0.06534909
 -0.02646809  0.12188596  0.12426545 -0.00782469  0.09914242  0.13104796
  0.06426564 -0.00611825]","[ 0.15198715 -0.01196434  0.0948445  -0.02545575  0.04020953  0.08138014
 -0.08253152 -0.0577283  -0.05057377 -0.02218237  0.08643595 -0.00575906
 -0.02383681  0.16947037 -0.01496241  0.04652938 -0.01648526 -0.1341033
 -0.00148686 -0.03720547 -0.00774484  0.07930324  0.03681791 -0.02211244
  0.06892148 -0.00943481  0.10191721 -0.00090568  0.01689283  0.0530038
  0.05554014  0.00316299 -0.00748017 -0.00163753  0.02991485 -0.02618135
 -0.06516147  0.0839426   0.05290884 -0.09343895 -0.01317021  0.08509444
 -0.00448412  0.08442532  0.09658952  0.009649    0.10060617  0.13087401
  0.00051097 -0.07610405]",both,0.3449885480724644,1.814550032839179,0.767
114,4,NA,9,2,0,0.0,"[ 0.09941169  0.01471693  0.03304269  0.00154241  0.07402221  0.02231943
 -0.00820212 -0.00799775 -0.05461617 -0.04800543  0.09645569 -0.06389481
 -0.06975029  0.05112106 -0.03477453  0.0527822  -0.00899497 -0.0431323
 -0.05436901  0.10005343  0.11769791  0.09613822  0.0622311   0.11411732
  0.00230139 -0.07458754  0.04972308 -0.01459063  0.01974894 -0.02183786
  0.04366977 -0.01019611 -0.05111748  0.02821835 -0.01324728 -0.00782941
  0.08513997  0.0527943   0.10288229 -0.20235404  0.04542135  0.09936865
 -0.0481543   0.10713394  0.02388015 -0.01960293 -0.02443773  0.14724132
  0.01357418 -0.04480443]","[ 0.05932104  0.02096242  0.13772674  0.02437822  0.07008168  0.05722634
 -0.02191782 -0.00849567 -0.08337504  0.02099977  0.02163672  0.07488899
 -0.06090281  0.06895065 -0.04380587  0.08941545 -0.2237476  -0.01740559
  0.05808563  0.07195004  0.03678419  0.12216414 -0.1288228  -0.05267868
  0.09898588 -0.02658048  0.10978372 -0.00774153  0.03164181  0.17726788
  0.2326683  -0.11586424 -0.09565311  0.08262427  0.09126427  0.08975068
  0.00870231 -0.02612598  0.0874554  -0.01700621  0.06999159  0.00395661
  0.05529363 -0.11433327  0.11142765 -0.16893741  0.0622496   0.03846043
 -0.12532902  0.11730091]",both,0.7189922200361126,4.009141037240624,0.213
121,4,NA,18,18,3,0.09090909090909091,"[ 0.11176878  0.01060641  0.1177981  -0.00960478  0.0124641   0.04705703
 -0.01216568  0.07108489 -0.05701686 -0.1008118   0.10696846 -0.07221274
 -0.05872529  0.02206762  0.00957316  0.09638949 -0.02646652 -0.08089522
 -0.03148343  0.05189986  0.08383302  0.1240684  -0.05346387  0.00991915
  0.05076242 -0.01477     0.06097732 -0.03365234  0.07093111  0.0742137
  0.12626043 -0.05462921 -0.02770079  0.03500178  0.01161852  0.07122904
  0.06983302  0.11977456  0.06369351 -0.08891561  0.01381415  0.11220406
  0.00989406  0.02123984  0.08906712 -0.11446445  0.05278786  0.11354975
  0.00603169 -0.00088966]","[ 0.06175449  0.03288749  0.05317047  0.03211274  0.02717657  0.04583189
 -0.0895476  -0.01709256 -0.11175616 -0.04491113  0.12920026 -0.08293501
 -0.02720896 -0.01292611  0.02176123  0.09887822  0.00363533 -0.04889882
 -0.04488437  0.0784816   0.16877787  0.1539299  -0.04706887  0.0802335
  0.07822316 -0.0439581   0.07048042  0.00257117  0.06432589  0.04648165
  0.074522   -0.00548047  0.00414704  0.02721537 -0.04474766  0.07372446
  0.03559029  0.12965757  0.06898174 -0.07871194  0.06261008  0.07190017
 -0.01759756  0.11565441  0.0770987  -0.0381475   0.02770246  0.14006153
  0.00797692 -0.03048573]",both,0.29040765618855013,1.6566582582890987,0.83
127,4,NA,1,5,0,0.0,"[ 0.08935974 -0.11598299  0.17021519  0.09902841  0.04455134  0.10918676
 -0.10771292 -0.08972722 -0.06848148 -0.23819692  0.1386303  -0.10657793
 -0.05847527  0.15690498 -0.04094482  0.09528925 -0.09004938 -0.3028322
 -0.1057723  -0.09397451 -0.02265497  0.28944358  0.08023724 -0.06642918
  0.29384562 -0.02281217  0.12000511  0.20924048  0.19544482  0.15347055
  0.1925133   0.02451538  0.00451856 -0.09427667 -0.02345801  0.2127918
 -0.05666462  0.18459783 -0.05627526 -0.02675963 -0.0036412   0.18959697
  0.01653041  0.10485017 -0.14613082 -0.08205634  0.10633596  0.28582856
  0.05171128 -0.22154155]","[-0.02058737  0.02684083  0.14688614  0.00790729  0.07552929  0.11599221
 -0.01385043  0.01909447 -0.17909516 -0.09278588  0.05104959 -0.05356991
 -0.09568974 -0.03907939 -0.07463925  0.01994692 -0.12246559 -0.03292466
 -0.08576037  0.08745159  0.02646745  0.16555534  0.08366621 -0.03899215
  0.05279939 -0.02887046  0.10026185 -0.08954047  0.13896474  0.04725488
  0.0943527  -0.08353225 -0.11550276  0.04316868 -0.01545587  0.11255261
  0.08060334  0.05537803  0.1486233  -0.10031532  0.03987645  0.10789663
  0.01394442  0.04839246 -0.00871071 -0.0157098   0.08569519  0.12768695
 -0.06165419 -0.02711065]",both,0.8368181024602086,4.773965961299837,0.549
130,2,LowIOS,13,8,0,0.0,"[ 0.06663844  0.03411441  0.07538746 -0.01594349  0.01967015  0.05259804
 -0.05292804  0.06951271 -0.13571881 -0.16063778  0.09087277 -0.04775286
 -0.02013486  0.06397197 -0.075554    0.08549254  0.03115365 -0.0600011
 -0.03656226  0.0743593   0.0830261   0.13821979  0.02205056  0.05899491
 -0.01107776 -0.03744382  0.07523084  0.05533249  0.10404366  0.0676337
  0.10788604 -0.00247392 -0.00751377 -0.02992406 -0.06131726  0.06364663
 -0.07257255  0.03591572  0.05760157 -0.09560838  0.06025586  0.0862738
  0.06073777  0.10580542  0.11537189 -0.042737   -0.00276943  0.18363075
  0.02502021  0.00610694]","[ 0.06115038 -0.09192548  0.06475052 -0.01166616  0.01418432  0.05913752
 -0.0398307   0.01869732 -0.04449421 -0.10681964  0.11859819 -0.0466784
  0.02749254  0.09741075 -0.05188767  0.0399093   0.07017241 -0.18798018
 -0.05957313  0.02831614  0.1416866   0.01318589  0.02837485  0.08335404
  0.12273914 -0.03706701  0.21393937  0.05001931  0.07297228  0.10157401
  0.13357621  0.03617899 -0.08065247 -0.02170634 -0.03330447  0.05948418
 -0.08237996  0.05768707  0.07559911 -0.06302386  0.01305301  0.02989118
  0.06038569  0.12335542  0.05736023  0.04846283 -0.00442934  0.15902999
  0.06004865 -0.09830856]",both,0.3961089816133501,2.036634577671066,0.746
131,2,LowIOS,17,3,1,0.05263157894736842,"[ 0.06926326 -0.01711857  0.06953888  0.04717467  0.06302152  0.05579735
 -0.03084754  0.00550174 -0.02335669 -0.05953365  0.12823822 -0.09869187
 -0.0471083   0.05016598  0.0401515   0.09715737 -0.10967694 -0.099124
  0.01556129  0.03774898  0.07983445  0.07028265 -0.02509061 -0.03214469
  0.04941988 -0.03459782  0.05674093 -0.08158033 -0.05987331  0.00218323
  0.02417305 -0.04578444 -0.03254882 -0.02234116 -0.02756501 -0.00895725
  0.10074339  0.1063535   0.03362534 -0.05267698 -0.01357664  0.10216788
  0.06001369  0.04238247  0.08016688 -0.0077293   0.116505    0.10091425
  0.07590049  0.03732814]","[ 0.06124612 -0.00902399  0.05793038  0.01249142  0.04064792  0.0899502
 -0.0272853   0.02542067 -0.28026128 -0.09187558  0.12957312 -0.14982155
  0.0967897  -0.00609942 -0.00336565  0.10054264 -0.12094103 -0.06497095
 -0.06405295  0.08021318  0.26907113  0.15622984  0.0290888   0.10114256
  0.02286014  0.00448097  0.28046986 -0.08211543  0.02744754  0.0742652
  0.08635591 -0.09624481 -0.13490227  0.04018868 -0.14635321  0.01197863
  0.05015123  0.08960953  0.14747886 -0.12141831  0.07618705  0.06756654
  0.1516769   0.1076517   0.11507294 -0.03862862  0.03694793  0.3079736
  0.05729955  0.03780329]",both,0.6057560849567613,3.130616475827992,0.678
132,4,NA,13,12,6,0.3157894736842105,"[ 0.16184954 -0.05742189  0.07793033  0.04595708 -0.0035611   0.00889452
 -0.14548056 -0.05874605 -0.11354383 -0.10316187  0.08148847 -0.09852169
  0.09761892 -0.00339844 -0.07028969  0.02718432  0.10241354 -0.11527491
 -0.12104158 -0.03144937  0.17137139  0.12764578  0.01484936  0.09431107
  0.05723181  0.0352933   0.12011636  0.03951813  0.10717398  0.08555658
  0.08852495 -0.01303959 -0.09839831  0.0202318  -0.01955564  0.10777888
 -0.03311184  0.1838199  -0.00508514 -0.0521366   0.07337289  0.0481123
  0.00369994  0.1051429   0.12706925  0.00735478  0.00145286  0.24116956
  0.065967   -0.05774614]","[ 0.12675712 -0.05929607  0.09765113 -0.00087032 -0.0085415   0.01175845
 -0.11233415 -0.04868998 -0.08161625 -0.13273641  0.13744074 -0.0589828
  0.02992323  0.03053707 -0.05262664  0.073884    0.09007667 -0.13451502
 -0.08535448 -0.00395002  0.15924819  0.09662578 -0.03221921  0.05782614
  0.0634891  -0.05041146  0.11422161  0.00639403  0.06051785  0.11393719
  0.08311313 -0.00207438 -0.09937903  0.01858172 -0.0075486   0.09605569
 -0.03372613  0.20126621  0.02166756  0.00404415  0.04196288  0.06043701
  0.04419668  0.15796718  0.13616803  0.03266929  0.05073746  0.18485399
  0.07270709 -0.04530753]",both,0.2351083493669453,1.345006626099348,0.931
137,6,HighIOS,15,19,3,0.0967741935483871,"[ 0.08897372 -0.05030468  0.12065858 -0.03695881 -0.00167131  0.04726748
 -0.02722653  0.12354392  0.01944793 -0.13452078  0.13615754 -0.1022618
 -0.03539647 -0.01009442  0.00290623  0.11076485 -0.06902251 -0.0889224
  0.00514503  0.02860244  0.05052893  0.11787087 -0.03776741  0.06562817
 -0.0099442  -0.00240783  0.02077688 -0.09027819  0.03584107  0.08238713
  0.0980466  -0.0221854   0.02837672 -0.02407317 -0.00585041  0.06970561
  0.08896246  0.11435441  0.11426044 -0.126094    0.02297894  0.13253023
  0.04397715  0.06425422  0.01567558 -0.06626409  0.11127719  0.05402125
  0.04811376  0.02323112]","[ 6.6970050e-02 -6.4254012e-03  3.7469503e-02  1.8931827e-02
 -6.3152364e-03  5.5376045e-02 -6.1898224e-02  3.3373624e-02
 -3.3250082e-02 -7.6984935e-02  8.7231956e-02 -7.4222483e-02
 -1.4867100e-02  6.5029189e-02  1.2149309e-04  7.4484773e-02
 -1.2874565e-02 -5.3979348e-02 -3.0823996e-02  6.5178245e-02
  9.3326308e-02  1.1342579e-01  3.1801563e-02  6.7536071e-02
  2.4764221e-03 -5.4136075e-02  5.4584812e-02 -1.8249655e-02
  6.5429665e-02  7.9094961e-02  4.5050997e-02 -4.1229218e-02
 -1.5254174e-02  1.3556466e-02 -2.6442628e-02  8.3558857e-02
  4.4133805e-02  9.1254130e-02  5.5229709e-02 -1.4289375e-01
  7.8259207e-02  8.5757919e-02  3.1797450e-02  1.0129271e-01
  2.4862666e-02 -2.0791953e-02  6.0444381e-02  1.2864804e-01
  9.2427135e-02 -5.9088312e-02]",both,0.3185966306676911,1.939222190529108,0.793
142,5,HighIOS,4,5,0,0.0,"[ 0.05211455  0.01985295  0.14359482 -0.01595096  0.07122071  0.03616894
 -0.03083179  0.14956391  0.01522874 -0.10373005  0.08743237 -0.14930877
 -0.05405965  0.03647767  0.01641684  0.03229041 -0.02502014  0.00182918
  0.00866059  0.03805653  0.00916591  0.07090166 -0.04454565  0.13479434
 -0.01163964 -0.05616844  0.00162863 -0.14792834  0.02543367  0.02752016
 -0.01774341 -0.08779005 -0.06753694  0.05038418 -0.05786393  0.0635627
  0.10654746  0.08377132  0.12318406 -0.08970773  0.02715359  0.19824423
  0.08311694  0.06921834  0.08896068 -0.11041088  0.05320352  0.10543883
  0.03833409  0.05568646]","[-0.0498855   0.02598397  0.13218455 -0.0192428   0.02344332  0.13218942
 -0.14525424 -0.02414575 -0.17949337 -0.02624406  0.06743894  0.01696541
 -0.08213795  0.04345323 -0.00953261  0.05559148  0.0074475  -0.07083847
 -0.02567587  0.11528094  0.16221097  0.17661607  0.01824946  0.00787009
  0.0897622  -0.02713234  0.10880955  0.05645896  0.12087081  0.0527304
  0.14340381 -0.01165652 -0.05497871  0.10399346  0.00677624  0.05857209
 -0.09330192  0.08992945  0.05257385 -0.02763664  0.00990475  0.03588652
 -0.03097809  0.05497755  0.07828863 -0.05095091  0.09064103  0.07421908
 -0.02241552  0.04581949]",both,0.647411059272696,3.554487882182002,0.33
144,2,LowIOS,9,8,2,0.13333333333333333,"[ 0.05647385 -0.00127322  0.1270389  -0.04558496 -0.02131002  0.1207312
  0.02303221  0.0623866  -0.08011804 -0.09108853  0.11386502 -0.00924059
 -0.02924595  0.06807178 -0.08772911  0.06188288 -0.08925879 -0.09274605
 -0.02133617  0.08224302  0.0884513   0.08656742 -0.05309977 -0.00455428
  0.05905636 -0.05716919  0.05840732  0.04482762  0.10241149  0.07083268
  0.08974124  0.00901746 -0.01456438  0.08305313 -0.02716349  0.05379508
 -0.00040337  0.04169532  0.04454405 -0.10439399  0.01901378  0.13068178
 -0.0028133   0.03622886  0.0419651  -0.03490094  0.02837416  0.10575062
  0.00369096  0.06350129]","[ 0.09853373  0.03750429  0.12513739  0.01553917  0.00550952  0.05140992
 -0.02054886  0.0213038  -0.01815101 -0.08172943  0.08384719 -0.09193258
 -0.03359555  0.10026595 -0.02398944  0.03844016 -0.05188372 -0.07004278
 -0.03205066  0.09829774  0.02348884  0.09407142  0.01068594  0.0193983
  0.00945123 -0.07803629  0.01090545 -0.0090061   0.05219948  0.07866078
  0.09692706  0.01711654  0.03332027  0.023351   -0.02340788  0.02920269
  0.01213651  0.04699259  0.0901105  -0.10176498  0.02050138  0.06795757
 -0.03464567  0.01155584  0.00717321 -0.02840043  0.02842607  0.05776016
  0.07718832  0.02852467]",both,0.28266044618627156,1.645108268596232,0.805
145,4,NA,31,25,8,0.16666666666666666,"[ 0.05053288 -0.04131828  0.07344571  0.00369094  0.03726273  0.04454227
 -0.06980338  0.00153503 -0.03057074 -0.08793148  0.08915675 -0.08199112
 -0.05974721  0.05452671 -0.02767515  0.09281728 -0.0064399  -0.06383239
 -0.02488966  0.05602596  0.05780795  0.09040128  0.03437717  0.03285244
 -0.02417068 -0.05311841  0.02678104 -0.01670724  0.06318197  0.08706334
  0.06309217 -0.02164936 -0.02059142 -0.05373375 -0.01279397  0.08073922
  0.04385852  0.12994777  0.08802566 -0.09797835  0.0448469   0.10999934
  0.06456294  0.09149048  0.05892649 -0.04879973  0.05001946  0.11595859
  0.06002102 -0.01379756]","[ 0.05827573 -0.03191638  0.04180953  0.01374081  0.04020885  0.03875678
 -0.06131034  0.02769099 -0.0698278  -0.08234806  0.11648618 -0.08839703
 -0.02322883  0.03824643 -0.00224429  0.05655027 -0.05369397 -0.07090995
 -0.02500278  0.04527143  0.09121007  0.12812963 -0.01199186  0.03565702
  0.06376825 -0.00932822  0.06850331  0.00021799  0.06364974  0.08762827
  0.08126288 -0.0170967  -0.01077811  0.0041275  -0.04121198  0.05429965
  0.04182158  0.12326776  0.05360967 -0.11142283  0.04876402  0.09653069
  0.059969    0.07616801  0.0213214  -0.05243484  0.04997018  0.1205698
  0.04125201 -0.00817218]",both,0.18906296115749321,0.9816265981644392,0.909
146,3,LowIOS,21,15,7,0.2413793103448276,"[ 0.11574617  0.04908469  0.13935344  0.03618446  0.04658848  0.09499455
  0.00832903  0.06922812 -0.0331259  -0.13204843  0.10449978 -0.074932
 -0.0393555   0.10140168 -0.00133304  0.10906224 -0.01238544 -0.13441972
 -0.04596557  0.0194832   0.08297728  0.08170296 -0.05368136  0.025717
  0.07259087 -0.05334427  0.04017699 -0.04756687  0.02636509  0.10857543
  0.04563412 -0.01860566  0.00412194 -0.01065078 -0.04938542  0.01308354
  0.02988201  0.08747678  0.05239896 -0.10958546  0.00489863  0.09508832
  0.06691597  0.0941084   0.04563405 -0.06351836  0.06264967  0.10140973
  0.05375484 -0.01864599]","[ 0.03469993  0.03048821  0.12764703  0.00399585  0.03844244  0.10413888
 -0.05620601  0.04953082 -0.05039437 -0.08805265  0.07626265 -0.07842893
 -0.07049555  0.05637829 -0.02605341  0.05052961 -0.04830812 -0.09347166
 -0.08824562  0.10093447  0.07897815  0.1127309   0.02933758  0.02041075
  0.04931828 -0.0449727   0.08117158 -0.04404285  0.05082365  0.04700281
  0.05371108 -0.05456767 -0.02380712 -0.00336745 -0.01092326  0.01815474
  0.01776647  0.08822761  0.10809434 -0.13983798 -0.0035217   0.07802922
  0.10950183  0.10272576  0.02505106 -0.06714951  0.08614246  0.08257318
 -0.00610258  0.01216546]",both,0.25463012652245837,1.439117451198399,0.866
152,6,HighIOS,2,1,0,0.0,"[-0.13392021  0.08851989  0.15671252  0.02258817  0.12551849  0.18010084
 -0.065639   -0.11043362 -0.20767368 -0.09360737  0.1337722   0.09104288
 -0.04586076 -0.14911997 -0.03274209 -0.01019118 -0.14915393  0.06293667
 -0.05680751  0.21806328  0.0737093   0.2024077   0.06354656 -0.1861341
  0.08932664 -0.03686225  0.14276902 -0.11578385  0.08542172 -0.01154728
  0.11369214 -0.10397961 -0.00932801  0.09092021 -0.03099104  0.17450027
 -0.08576419  0.14025599  0.19295006 -0.05936091 -0.05447501  0.06074778
 -0.07243248  0.05481209 -0.00714106 -0.06870399  0.13529529  0.02753732
 -0.07075126 -0.05841832]","[ 0.04533755 -0.23951596  0.20617542  0.08914844 -0.40501985  0.10241334
  0.08279841 -0.2275191  -0.01707164  0.07501419 -0.0592923   0.10342731
  0.22599837 -0.13827913 -0.16401356 -0.08176048 -0.03629692  0.03315605
  0.2684971   0.05743822  0.13101049 -0.13329956 -0.1269241   0.15446712
 -0.26784533 -0.08192166  0.04423175  0.04831097  0.2714467  -0.05208204
 -0.09552728  0.01116754  0.00349035  0.13150127 -0.3169605  -0.0867664
 -0.06524452 -0.057962    0.0047047  -0.11298962  0.07556843  0.05391707
 -0.02784323 -0.03829705  0.05652353 -0.0393341  -0.06145559  0.15206403
  0.10543568 -0.11242446]",both,1.3007897075609298,7.296041214838624,-0.052
153,7,HighIOS,6,3,0,0.0,"[ 0.14134645 -0.05500022  0.14440745 -0.00732999 -0.01322356 -0.00631098
  0.002668    0.0929714  -0.0465348  -0.13882601  0.11310611 -0.11283734
  0.02640401  0.00977453 -0.07793048  0.06014918  0.04057309 -0.1345232
 -0.04497284  0.04345875  0.07351765  0.10368035 -0.10495451  0.10575804
  0.08648165 -0.09743651 -0.02342762 -0.03315636  0.1875306   0.18925892
  0.04662005 -0.02629763 -0.1612916   0.10842422  0.02511963  0.07924603
  0.02240293  0.1424633   0.01100533 -0.10502492  0.04722009  0.13338318
 -0.01230503  0.03013718  0.10178751 -0.00348838  0.0175379   0.09983362
 -0.00942167 -0.07125761]","[ 0.02197453  0.09720137  0.05393601  0.00462134  0.04142151  0.05505632
  0.11945742  0.19361019 -0.1608033  -0.1350535   0.04698903 -0.05997627
 -0.1096083  -0.0492536   0.00027851 -0.03074646 -0.00940945  0.08724738
 -0.06746327 -0.01027972  0.08116131  0.23841806 -0.00571895  0.15576589
 -0.08203965 -0.07692522 -0.02553625 -0.08213595  0.17051475  0.0864678
 -0.09828835 -0.11038935 -0.17286961 -0.03273438  0.03227689  0.07137505
  0.13355494  0.05216561  0.10313127 -0.14144664  0.08660569  0.15831636
  0.02255898  0.11830056  0.07036536 -0.03101924 -0.09979246  0.16027917
  0.01823846 -0.03063257]",both,0.6098228454142213,3.5272582918405533,0.581
156,3,LowIOS,13,9,1,0.047619047619047616,"[ 0.11305121 -0.03677954  0.10384306  0.03652055  0.0265306   0.09034259
 -0.08001073  0.03149334 -0.07582521 -0.10933523  0.10858069 -0.06121609
 -0.0160726   0.08691207 -0.0461265   0.0762827  -0.04459573 -0.08076082
 -0.00824133  0.03486489  0.09190927  0.11694432  0.00961536  0.04207226
  0.07949303 -0.00479964  0.11977797  0.04144065  0.07323228  0.09081674
  0.13655235 -0.02594019 -0.05774026 -0.00344868 -0.02131581  0.08822263
 -0.00286634  0.12235941  0.07736237 -0.07115152  0.01523416  0.0775416
  0.04501327  0.02301502  0.07614708 -0.02919878  0.00934068  0.1811491
  0.01012643 -0.01753298]","[ 6.22708313e-02 -3.62415947e-02  1.38664708e-01 -1.29811270e-02
 -2.20193770e-02  1.32282540e-01 -8.19084272e-02  8.00715759e-02
 -1.29609555e-01 -8.08435231e-02  5.56658655e-02 -1.12720430e-01
 -1.01990895e-02  2.71424148e-02 -7.96281025e-02  4.19552438e-02
 -2.97478586e-02 -1.00113958e-01 -7.44338781e-02  5.14293164e-02
  1.60185799e-01  7.40150288e-02  9.82699022e-02  1.39458776e-02
  4.11329642e-02  1.34425415e-02  2.16932222e-01 -1.25960661e-02
  7.90175572e-02  1.03548676e-01  1.41002089e-01 -3.53431292e-02
 -8.06887299e-02  2.28123460e-02  1.63715638e-04  9.38618109e-02
  4.78811003e-02  1.38358459e-01  1.01096153e-01 -1.09449334e-01
 -5.77345639e-02  1.31099716e-01  8.91573802e-02  1.40207380e-01
  9.56298411e-02 -1.35688037e-02  7.07352981e-02  2.26015553e-01
  5.02628982e-02  4.19528084e-03]",both,0.31873972700935266,1.8780909413471818,0.877
157,7,HighIOS,4,3,0,0.0,"[ 0.05837495  0.02643481  0.00737839 -0.03824444  0.10307448  0.1345557
  0.0329298   0.12706725 -0.17745192 -0.1047467   0.11254218 -0.00246012
  0.06620156  0.062619   -0.06479795  0.04203611  0.01508838  0.01990056
 -0.11516793  0.04004797  0.19865595  0.08976925  0.01282627  0.09099268
  0.02809839 -0.07524449  0.00790226 -0.06701911  0.1687249   0.080304
 -0.02701685 -0.0417067  -0.16982202  0.00624266 -0.02896501  0.02554597
  0.08929291  0.10015873  0.15139885 -0.15956897  0.02652296  0.13433363
  0.00944193  0.11412083  0.07034796  0.01854074 -0.06870634  0.17931502
  0.03283974 -0.05142567]","[ 0.05253943 -0.07822224  0.16424082  0.0144063   0.09338301  0.11524872
 -0.05253651  0.11551044  0.06354771 -0.08642182  0.05109366 -0.1017254
 -0.16963692 -0.06057584  0.09079778  0.12156552 -0.03846749  0.0156425
  0.04591656  0.00214912  0.0231036   0.17009942 -0.11099728  0.05509512
 -0.08343231 -0.00717366  0.0745199  -0.20723395 -0.01919721  0.11325654
  0.00821153  0.05332517  0.02951103 -0.0552823   0.01753713  0.0182989
  0.15507977  0.1712228   0.11531072 -0.06923738  0.00026532  0.11969206
  0.02397695  0.05706844  0.08959671 -0.12496146  0.07664984  0.01758712
  0.05988814  0.08655801]",both,0.7406872455943695,4.195425473153591,0.335
163,6,HighIOS,10,7,2,0.13333333333333333,"[ 0.0620047  -0.01763227  0.04758404  0.07775605  0.0332987   0.02803507
 -0.0778809  -0.14571181 -0.07189316 -0.17819619  0.12393854 -0.09618995
 -0.01626772  0.07044442 -0.00316719  0.06835399 -0.04598812 -0.06765939
 -0.09580269  0.0063538   0.0583863   0.19176763 -0.04786016 -0.04882057
  0.04562493  0.05013108  0.07023322  0.05169981  0.03742759  0.07710453
  0.07254278 -0.01029771  0.02166317  0.00475217  0.04147337  0.13023125
  0.05115538  0.16355655  0.06302787 -0.00426305  0.03490708  0.08060188
  0.03824369  0.11807874  0.06749462  0.04492474  0.01801435  0.10619881
  0.02358791 -0.04620144]","[ 0.06546785  0.02518974  0.12528756  0.02883474  0.01122883  0.11388666
 -0.04044374 -0.01585194 -0.05566087 -0.16376193  0.13541645 -0.14678703
 -0.06716846  0.07052134  0.02002423  0.05469074 -0.03986841 -0.14113705
 -0.01149901 -0.00663255  0.08804121  0.16320632 -0.06926405  0.01952265
  0.01111788  0.05669945  0.06940853 -0.04865206  0.04435107  0.11696357
  0.09129274  0.01865782  0.03449377 -0.01082002  0.04383519  0.15354748
  0.0443648   0.13376036  0.06568398 -0.0867736  -0.02178205  0.10964741
  0.12203541  0.10792153  0.02143254 -0.03164697  0.09268004  0.11311638
  0.09560107  0.05958737]",both,0.3555535788380788,1.9278299333527684,0.807
172,5,HighIOS,13,7,1,0.05263157894736842,"[ 0.09065498 -0.0435396   0.21783511  0.00968223  0.02066756  0.03467288
 -0.00513475  0.05299943 -0.05004946 -0.08865164  0.12599097 -0.09924013
 -0.06509221  0.07195832 -0.06361432  0.10985383 -0.04785924 -0.08723985
 -0.00713852  0.0591711   0.07261001  0.10175529 -0.00450758 -0.0018568
  0.00669352 -0.01475736  0.05257189 -0.09877378  0.10020481  0.06299278
  0.10956585 -0.04185867 -0.02732269 -0.03658586  0.01357397  0.05710261
  0.05362573  0.15163305  0.08293688 -0.09646019  0.01932931  0.15481098
  0.0500524  -0.01153702  0.07155763 -0.06077937  0.03010105  0.11769366
  0.02108415  0.04486447]","[ 0.15050681 -0.00315874  0.12389515  0.00547277  0.01483374  0.10637014
 -0.01021213  0.13921112 -0.11103599 -0.1350229   0.09762804 -0.14239885
 -0.01173949  0.046892   -0.10889995  0.04503062  0.04489131 -0.04912535
 -0.10743933  0.02823534  0.19550489  0.11059399  0.05094639  0.07145596
  0.08887971 -0.07505865  0.13609472 -0.02465001  0.12989503  0.07351094
  0.12909064 -0.04373617 -0.04999221 -0.02019289 -0.00226661  0.06652672
  0.01735551  0.20170525  0.06677409 -0.08743739 -0.02120073  0.13337398
  0.04694986  0.13748042  0.04601399  0.0026219  -0.0370469   0.22936024
  0.03472211 -0.05336535]",both,0.4183130705680353,2.388525679707527,0.784
174,5,HighIOS,5,11,0,0.0,"[ 0.18894935  0.01310764  0.16865599  0.04025025  0.02826118  0.05303107
 -0.00803534  0.08260488  0.00335437 -0.15398562  0.15230441 -0.05820734
  0.0404933   0.10132916 -0.14952469  0.00670735  0.11790299 -0.02753485
 -0.08642071  0.02443455  0.02257381  0.09989573  0.03798695  0.09375669
  0.05683161 -0.09402765 -0.03265879  0.08542641  0.14769286  0.14023271
  0.11090931 -0.06308705 -0.0670745   0.01964541  0.01520245  0.11291108
 -0.05342876  0.03260073  0.08497781 -0.06226929  0.02408183  0.06306534
  0.03676385  0.07126187  0.09777703 -0.04766275 -0.07598211  0.11394706
  0.01830715 -0.11546347]","[ 0.14553097 -0.04820837  0.12896575 -0.03606229 -0.006363    0.0638997
 -0.06377117  0.04838765 -0.07810356 -0.04767434  0.1609461  -0.0862837
 -0.00355366  0.03149118  0.03737483  0.10042197 -0.0082628  -0.06312598
 -0.0668285   0.09249746  0.11909492  0.09267129 -0.01349408  0.06756511
  0.03073267 -0.06573603  0.03477472 -0.01387768  0.016007    0.07485758
  0.05819927 -0.01908933 -0.02303142  0.02443072  0.00989858  0.04521778
  0.06849942  0.17435047  0.1362766  -0.13799724  0.06273349  0.12925948
  0.01649501  0.07027982  0.13481072 -0.03785896  0.03265541  0.16099016
  0.08057433  0.00097866]",both,0.5041825276114265,2.9407508205622435,0.635
176,6,HighIOS,9,9,4,0.2857142857142857,"[ 0.0712631  -0.02403926  0.04455646  0.06035824 -0.00180156  0.04417633
 -0.16752821  0.0388046  -0.10158524 -0.10425667  0.12107784 -0.07596599
 -0.06410246  0.10348653 -0.0705095   0.14204416 -0.00788586 -0.15724012
 -0.05610953  0.04734866  0.15053982  0.09595606 -0.06308134  0.02973065
  0.09567039 -0.03720579  0.08147931  0.0599305   0.06082971  0.01076644
  0.11074656  0.06064178 -0.01476962  0.00850922 -0.08147215  0.08768671
 -0.06643987  0.16370554  0.08646061 -0.06435557  0.00059636  0.05891526
  0.11065397  0.10855317  0.1496327  -0.04138524  0.03377248  0.15207304
 -0.08959296  0.01566956]","[ 0.12318299  0.0657839   0.05367419  0.04902859  0.06710437  0.10797506
 -0.11759344  0.01366913 -0.11370578 -0.06702541  0.06618056 -0.03320052
 -0.10190837  0.14899006 -0.079365    0.02596725  0.02430329 -0.10884027
 -0.11248647  0.041531    0.07516904  0.17031433 -0.03251296  0.02573253
  0.13612694 -0.04853495  0.09637194  0.09602638  0.12268723  0.05939381
  0.16289736  0.05997078  0.00125567  0.11123106 -0.05120507  0.07393345
 -0.05217738  0.10475514  0.02867753 -0.03795917  0.00884008  0.05663636
  0.03231416  0.11869039  0.15064692 -0.03050587 -0.01340339  0.09058964
 -0.09429307 -0.00037664]",both,0.3311264145849962,1.8788404799997807,0.851
177,6,HighIOS,6,1,0,0.0,"[ 0.00428111  0.03626423  0.06719372  0.01443702  0.0747162   0.05206289
 -0.04208282 -0.08838574 -0.12311237 -0.11003587  0.10802174 -0.06808439
  0.02782201  0.00216936  0.03151457  0.04270484 -0.12304812 -0.07950033
 -0.04635435  0.08706397  0.08747043  0.15283827  0.05673643 -0.04737065
  0.11306681  0.02322188  0.04964196 -0.05544471  0.09180012  0.07116854
  0.09800664 -0.04066347 -0.04036637  0.06652638  0.02341856  0.17866431
  0.0045062   0.17558475  0.09592775 -0.05865892  0.0617758   0.03207525
 -0.03178912  0.12242457  0.01876899 -0.03749327  0.0780833   0.07464533
  0.06316295  0.00976725]","[ 0.03865303 -0.02102292 -0.01406823  0.04295405 -0.0500748   0.13213094
 -0.01516104 -0.00500757 -0.24372023 -0.24832374 -0.04315807 -0.1766644
 -0.22431856 -0.01192774 -0.07593194 -0.11056674  0.06154751 -0.0723123
 -0.15036207  0.08069877  0.17201099  0.21224287 -0.52256864 -0.00379337
  0.0418907  -0.05236265  0.02770854 -0.06305584  0.03339264 -0.11807637
  0.1708306   0.22588028 -0.05743925 -0.01051607 -0.22215855  0.05039921
 -0.06117685  0.09935077  0.03127591 -0.1445846   0.05485654  0.10687859
  0.15739651  0.14803289  0.09940407 -0.00222554 -0.01222664  0.12711494
 -0.08840612  0.2773331 ]",both,0.9943330589182572,5.129303663037717,0.285
182,6,HighIOS,19,38,6,0.11764705882352941,"[ 0.09111895  0.02189718  0.1432943  -0.04417476 -0.00505754  0.10937656
 -0.01780997  0.04990612 -0.02506554 -0.12405335  0.13706163 -0.04580995
 -0.04655914  0.10060211 -0.0303171   0.07615885 -0.03015938 -0.08341967
 -0.04824451  0.06687763  0.02869594  0.08410425 -0.00871191  0.04922795
  0.03067597 -0.06125535  0.06451423 -0.06033822  0.04408554  0.06563777
  0.06149013 -0.01121867 -0.00398527  0.00529781  0.02702172  0.04879196
  0.02169845  0.15027122  0.08244851 -0.0955895  -0.00423458  0.13590379
 -0.01237568  0.1225141   0.07259256 -0.0380784   0.05903978  0.11443275
  0.07269042 -0.0209545 ]","[ 0.07926377  0.01432975  0.06610841 -0.0082027   0.016622    0.07716538
 -0.02180508  0.04720696 -0.06012208 -0.11543174  0.08484958 -0.06947321
 -0.04834204  0.08154082 -0.06262979  0.08124576 -0.02775791 -0.05377103
 -0.05068833  0.0536168   0.08453161  0.10630098  0.03111032  0.03599503
  0.02494355 -0.05770959  0.04457859 -0.00273236  0.09843805  0.09780628
  0.05089074 -0.01735261 -0.01571679  0.00313377  0.01194215  0.04320628
  0.05881115  0.11335327  0.11731713 -0.110765    0.02788848  0.11721188
  0.01570617  0.09635056  0.051445   -0.02380905  0.01271771  0.11941758
  0.04673303  0.00275337]",both,0.20209708392666226,1.1399641525931656,0.918
