MID,start,end,rt,self_sex,self_age,residence,participation,IOS_score,target_likedislike,target_sex,target_age,relationship,self_tolerance_score,self_pleasantness_score,self_responsibility_score,self_carefulness_score,self_activeness_score,self_sociability_score,target_tolerance_score,target_pleasantness_score,target_responsibility_score,target_carefulness_score,target_activeness_score,target_sociability_score,completion,stratumID
2,2024/02/16-12:21:18,2024/02/16-12:24:31,193.0,1,45,28,1,5,3,2,7,母,3,4,3,4,5,2,6,5,1,4,7,6,COMP,5
5,2024/02/16-12:23:21,2024/02/16-12:25:38,137.0,1,36,28,1,2,4,2,1,子供,3,4,5,3,4,2,5,3,6,2,5,3,COMP,9
7,2024/02/16-12:20:52,2024/02/16-12:25:45,293.0,1,54,12,1,5,1,2,5,妻,2,7,6,3,5,3,1,7,1,6,6,2,COMP,5
8,2024/02/16-12:24:28,2024/02/16-12:26:11,103.0,1,36,14,1,1,1,2,3,妻,5,5,3,7,3,3,1,7,1,5,4,7,COMP,1
11,2024/02/16-12:23:46,2024/02/16-12:26:26,160.0,1,56,13,1,2,1,2,4,妻,4,4,2,6,4,4,4,4,4,4,4,4,COMP,2
13,2024/02/16-12:24:34,2024/02/16-12:26:33,119.0,1,51,13,1,3,3,2,3,パートナー,4,4,4,4,4,4,3,4,4,4,4,3,COMP,3
27,2024/02/16-12:24:02,2024/02/16-12:27:58,236.0,1,53,14,1,1,1,2,5,知り合い,7,1,7,7,7,1,1,7,4,4,1,7,COMP,1
28,2024/02/16-12:26:35,2024/02/16-12:28:00,85.0,1,43,20,1,2,3,1,4,,6,4,4,6,4,3,5,5,4,5,5,5,COMP,2
31,2024/02/16-12:24:35,2024/02/16-12:28:05,210.0,1,53,23,1,3,4,2,5,妻,5,4,3,3,7,2,4,6,3,6,3,4,COMP,10
36,2024/02/16-12:24:00,2024/02/16-12:28:27,267.0,2,50,27,1,1,2,1,5,彼氏,5,4,3,5,5,2,4,5,3,5,4,5,COMP,1
40,2024/02/16-12:23:08,2024/02/16-12:28:38,330.0,1,59,26,1,2,3,2,5,妻,4,4,2,6,4,4,4,4,3,4,3,4,COMP,2
41,2024/02/16-12:25:16,2024/02/16-12:28:41,205.0,1,46,11,1,1,2,2,7,母,4,4,4,4,4,4,4,5,4,4,4,5,COMP,1
42,2024/02/16-12:26:19,2024/02/16-12:28:42,143.0,1,46,14,1,3,2,2,4,妻,5,3,2,4,5,4,2,4,2,5,4,5,COMP,3
44,2024/02/16-12:26:08,2024/02/16-12:28:44,156.0,1,53,11,1,5,4,2,5,妻,2,4,1,7,1,3,1,4,2,3,1,7,COMP,12
47,2024/02/16-12:24:06,2024/02/16-12:28:52,286.0,2,49,13,1,1,1,2,8,はは,4,7,1,7,5,4,1,7,1,4,4,7,COMP,1
51,2024/02/16-12:26:54,2024/02/16-12:29:12,138.0,2,59,28,1,1,3,1,6,兄,3,4,3,4,3,3,3,4,4,4,4,4,COMP,1
52,2024/02/16-12:25:59,2024/02/16-12:29:15,196.0,1,52,44,1,5,3,2,5,妻,4,4,3,4,3,5,5,4,4,3,4,4,COMP,5
64,2024/02/16-12:22:01,2024/02/16-12:29:35,454.0,2,47,12,1,3,2,1,4,夫,6,4,3,4,5,5,2,4,1,7,4,3,COMP,3
65,2024/02/16-12:26:13,2024/02/16-12:29:40,207.0,1,53,13,1,7,3,2,8,母,4,3,2,6,4,1,3,4,4,3,5,2,COMP,7
66,2024/02/16-12:22:09,2024/02/16-12:29:46,457.0,2,55,13,1,5,2,1,5,夫,3,5,3,5,3,6,2,6,2,5,2,3,COMP,5
73,2024/02/16-12:26:50,2024/02/16-12:30:15,205.0,1,47,13,1,5,1,1,6,とても仲のいい友達,4,4,4,4,4,4,4,4,4,4,4,4,COMP,5
75,2024/02/16-12:28:15,2024/02/16-12:30:26,131.0,2,49,26,1,2,3,2,2,娘,3,4,3,4,3,3,3,3,4,3,4,4,COMP,2
76,2024/02/16-12:28:21,2024/02/16-12:30:29,128.0,2,46,11,1,3,1,2,4,友人,2,2,3,4,4,2,1,6,7,5,4,4,COMP,3
78,2024/02/16-12:27:46,2024/02/16-12:30:41,175.0,2,42,13,1,2,4,1,4,夫,4,5,5,3,2,6,7,4,1,7,5,1,COMP,9
79,2024/02/16-12:27:06,2024/02/16-12:30:44,218.0,1,55,4,1,2,2,2,5,配偶者,4,4,4,7,4,4,4,4,4,4,4,4,COMP,2
80,2024/02/16-12:21:44,2024/02/16-12:30:44,540.0,2,45,10,1,2,1,1,4,夫,6,4,4,5,5,4,4,6,2,5,4,4,COMP,2
81,2024/02/16-12:27:29,2024/02/16-12:30:47,198.0,1,43,12,1,5,3,2,3,彼女,7,4,7,5,5,1,4,7,3,6,4,4,COMP,5
83,2024/02/16-12:27:06,2024/02/16-12:30:52,226.0,2,56,11,1,1,1,1,3,子,4,5,4,6,6,1,4,6,3,4,5,6,COMP,1
85,2024/02/16-12:27:06,2024/02/16-12:30:57,231.0,2,53,13,1,7,1,1,4,夫,1,7,3,7,4,5,1,6,1,7,5,3,COMP,7
89,2024/02/16-12:26:10,2024/02/16-12:31:17,307.0,2,32,1,1,1,1,2,3,幼馴染,5,4,5,3,7,2,3,7,4,3,3,5,COMP,1
91,2024/02/16-12:26:26,2024/02/16-12:31:20,294.0,1,54,20,1,3,3,4,5,近所の人,4,4,2,5,3,7,1,7,1,6,2,7,COMP,3
92,2024/02/16-12:25:21,2024/02/16-12:31:21,360.0,1,54,10,1,1,3,2,2,他人,1,7,1,4,1,4,4,4,4,4,4,4,COMP,1
97,2024/02/16-12:27:53,2024/02/16-12:31:45,232.0,1,52,11,1,1,3,2,5,妻,5,4,5,5,5,3,4,5,3,4,4,5,COMP,1
98,2024/02/16-12:27:33,2024/02/16-12:31:45,252.0,1,33,13,1,6,2,1,4,友達,5,6,1,2,5,5,1,6,3,3,2,7,COMP,6
99,2024/02/16-12:27:37,2024/02/16-12:31:46,249.0,2,43,40,1,6,2,2,1,子,3,5,4,4,3,4,3,4,3,6,4,5,COMP,6
102,2024/02/16-12:27:19,2024/02/16-12:31:51,272.0,2,47,44,1,7,3,1,1,子供,4,5,5,7,4,5,3,7,3,7,3,7,COMP,7
105,2024/02/16-12:28:39,2024/02/16-12:31:57,198.0,1,55,40,1,6,2,2,4,妻,6,4,1,7,7,4,4,5,6,5,2,6,COMP,6
109,2024/02/16-12:27:19,2024/02/16-12:32:10,291.0,2,52,11,1,6,1,2,8,母,5,3,6,5,6,3,1,7,2,6,1,6,COMP,6
112,2024/02/16-12:28:00,2024/02/16-12:32:17,257.0,1,54,22,1,6,1,2,5,妻,5,4,1,5,3,2,5,7,2,4,5,7,COMP,6
113,2024/02/16-12:29:32,2024/02/16-12:32:21,169.0,1,34,14,1,7,1,2,3,恋人,6,6,5,2,6,1,2,6,2,2,3,2,COMP,7
121,2024/02/16-12:29:39,2024/02/16-12:33:14,215.0,2,51,1,1,5,2,1,5,夫,6,4,3,5,4,5,2,6,2,4,4,6,COMP,5
122,2024/02/16-12:28:34,2024/02/16-12:33:15,281.0,1,49,33,1,1,3,2,3,妄想上の近所の奥さん,6,2,4,6,7,1,5,6,4,4,4,4,COMP,1
127,2024/02/16-12:30:40,2024/02/16-12:33:30,170.0,1,59,12,1,7,6,4,11,,7,7,7,7,7,7,7,7,7,7,7,7,COMP,14
131,2024/02/16-12:31:03,2024/02/16-12:33:36,153.0,1,51,40,1,6,3,2,5,妻,3,3,3,6,5,2,3,5,2,6,4,6,COMP,6
132,2024/02/16-12:28:41,2024/02/16-12:33:37,296.0,2,58,1,1,2,4,1,6,夫,4,4,3,5,2,6,4,5,2,4,1,1,COMP,9
134,2024/02/16-12:29:33,2024/02/16-12:33:41,248.0,2,51,27,1,1,1,1,5,夫,1,5,3,1,4,4,4,4,3,7,7,2,COMP,1
135,2024/02/16-12:31:15,2024/02/16-12:33:42,147.0,2,46,40,1,3,2,1,1,子ども,3,5,2,6,3,5,3,7,2,6,2,7,COMP,3
141,2024/02/16-12:26:58,2024/02/16-12:34:12,434.0,1,58,47,1,5,1,2,5,妻,2,5,2,6,4,3,5,6,2,6,2,3,COMP,5
142,2024/02/16-12:31:59,2024/02/16-12:34:12,133.0,1,53,11,1,2,2,2,3,恋人,2,1,6,2,6,3,5,3,6,2,6,2,COMP,2
143,2024/02/16-12:31:45,2024/02/16-12:34:12,147.0,2,27,13,1,6,1,1,2,恋人,2,4,6,2,4,3,2,7,3,5,3,7,COMP,6
144,2024/02/16-12:31:08,2024/02/16-12:34:13,185.0,1,42,37,1,3,3,2,4,妻,4,5,4,5,4,4,2,6,5,4,5,6,COMP,3
145,2024/02/16-12:25:18,2024/02/16-12:34:15,537.0,1,58,28,1,2,4,2,5,友人,4,6,2,6,6,5,2,6,3,4,4,6,COMP,9
149,2024/02/16-12:27:11,2024/02/16-12:34:21,430.0,2,42,22,1,6,3,1,4,恋人,6,3,4,5,4,2,1,5,1,5,2,4,COMP,6
151,2024/02/16-12:32:14,2024/02/16-12:34:33,139.0,1,41,27,1,7,1,2,4,妻,1,7,1,7,1,7,1,7,1,4,1,7,COMP,7
153,2024/02/16-12:28:45,2024/02/16-12:34:50,365.0,1,57,27,1,1,4,1,4,知人,7,5,1,7,7,1,3,4,1,5,4,7,COMP,8
154,2024/02/16-12:26:48,2024/02/16-12:34:53,485.0,1,51,12,1,1,3,2,5,妻,7,4,1,7,6,2,2,7,1,4,4,7,COMP,1
156,2024/02/16-12:31:50,2024/02/16-12:34:55,185.0,1,47,4,1,2,4,4,11,母,4,3,4,4,5,4,4,3,4,5,3,5,COMP,9
161,2024/02/16-12:24:02,2024/02/16-12:35:12,670.0,2,45,13,1,3,1,1,6,彼氏,3,4,6,3,6,5,2,6,1,4,1,7,COMP,3
166,2024/02/16-12:30:28,2024/02/16-12:35:20,292.0,1,47,29,1,7,2,2,4,配偶者,4,6,2,6,4,4,1,7,1,5,4,6,COMP,7
167,2024/02/16-12:28:46,2024/02/16-12:35:22,396.0,1,52,28,1,3,1,2,5,友人,1,7,4,4,4,1,7,4,4,4,4,7,COMP,3
169,2024/02/16-12:30:30,2024/02/16-12:35:28,298.0,2,52,14,1,3,3,1,6,恋人,5,4,4,6,5,3,1,6,5,3,4,6,COMP,3
171,2024/02/16-12:30:04,2024/02/16-12:35:34,330.0,1,56,14,1,6,1,2,5,妻,4,4,4,3,2,4,2,7,2,6,4,6,COMP,6
172,2024/02/16-12:26:03,2024/02/16-12:35:38,575.0,2,53,11,1,6,2,1,5,夫,4,4,2,3,4,6,3,4,1,6,3,4,COMP,6
173,2024/02/16-12:27:27,2024/02/16-12:35:39,492.0,2,56,13,1,6,1,2,2,娘,4,5,4,3,3,3,1,6,2,4,4,3,COMP,6
175,2024/02/16-12:33:28,2024/02/16-12:35:42,134.0,2,43,13,1,2,2,1,5,恋人,3,3,2,2,2,2,3,2,3,3,3,3,COMP,2
176,2024/02/16-12:31:21,2024/02/16-12:35:46,265.0,1,45,13,1,3,1,2,3,仕事仲間,1,5,3,6,5,4,2,7,2,5,4,1,COMP,3
178,2024/02/16-12:34:37,2024/02/16-12:35:53,76.0,2,39,13,1,3,6,2,11,,1,7,7,1,1,7,1,7,1,7,1,1,COMP,10
179,2024/02/16-12:31:24,2024/02/16-12:35:56,272.0,2,44,19,1,6,1,1,4,夫,3,3,2,4,1,3,1,6,2,4,1,5,COMP,6
181,2024/02/16-12:30:59,2024/02/16-12:36:10,311.0,2,35,29,1,3,1,2,4,夫,4,5,3,6,4,4,3,6,3,5,2,4,COMP,3
182,2024/02/16-12:33:11,2024/02/16-12:36:11,180.0,1,54,27,1,6,2,2,4,彼女,4,4,2,6,4,4,4,5,2,6,4,4,COMP,6
192,2024/02/16-12:29:54,2024/02/16-12:37:13,439.0,1,57,11,1,5,2,2,5,妻,2,6,2,5,2,6,2,7,2,5,2,7,COMP,5
193,2024/02/16-12:29:49,2024/02/16-12:37:20,451.0,1,58,26,1,2,2,2,3,愛人,6,6,2,4,1,5,2,7,3,3,5,4,COMP,2
195,2024/02/16-12:32:35,2024/02/16-12:37:23,288.0,1,57,27,1,1,3,1,4,後輩,4,4,4,4,4,4,4,4,4,4,4,4,COMP,1
196,2024/02/16-12:33:48,2024/02/16-12:37:24,216.0,1,51,23,1,5,3,2,5,妻,4,4,6,3,5,3,3,4,4,4,4,4,COMP,5
198,2024/02/16-12:33:20,2024/02/16-12:37:35,255.0,2,39,22,1,2,3,1,4,夫,6,3,6,6,5,5,2,7,5,5,4,5,COMP,2
200,2024/02/16-12:34:05,2024/02/16-12:37:37,212.0,1,54,44,1,3,3,2,11,母,3,4,3,4,3,4,3,4,5,4,6,4,COMP,3
202,2024/02/16-12:33:19,2024/02/16-12:37:44,265.0,1,49,13,1,1,6,1,11,同僚,7,1,4,4,6,1,4,1,7,4,3,5,COMP,8
205,2024/02/16-12:29:25,2024/02/16-12:37:48,503.0,2,56,40,1,3,1,1,4,恋人,3,6,3,5,5,7,1,4,3,3,7,1,COMP,3
206,2024/02/16-12:34:12,2024/02/16-12:37:52,220.0,2,54,13,1,1,1,1,6,夫,2,5,2,7,5,6,2,5,2,7,4,3,COMP,1
214,2024/02/16-12:35:52,2024/02/16-12:38:43,171.0,2,32,40,1,6,5,1,3,旦那,5,5,5,7,2,2,5,6,5,6,2,2,COMP,13
217,2024/02/16-12:36:22,2024/02/16-12:39:05,163.0,1,53,15,1,7,1,2,5,つま,4,4,4,4,4,4,4,2,1,7,1,4,COMP,7
221,2024/02/16-12:32:03,2024/02/16-12:39:34,451.0,1,57,13,1,1,3,2,11,父親,7,7,1,7,7,3,4,5,3,7,4,3,COMP,1
223,2024/02/16-12:27:45,2024/02/16-12:39:45,720.0,1,56,12,1,7,1,2,3,妻,2,6,1,7,4,6,1,7,1,6,1,7,COMP,7
225,2024/02/16-12:35:57,2024/02/16-12:39:51,234.0,2,51,13,1,1,3,1,6,夫,4,6,5,6,4,4,2,6,2,5,2,7,COMP,1
226,2024/02/16-12:30:27,2024/02/16-12:39:54,567.0,2,43,12,1,1,4,1,4,夫,3,5,2,4,2,5,2,3,2,7,6,2,COMP,8
229,2024/02/16-12:31:09,2024/02/16-12:40:10,541.0,1,57,15,1,2,4,1,6,同僚,5,3,3,5,3,3,3,3,4,3,3,5,COMP,9
231,2024/02/16-12:37:41,2024/02/16-12:40:17,156.0,1,50,40,1,2,3,1,2,同僚,5,4,3,4,5,3,4,6,3,4,2,6,COMP,2
232,2024/02/16-12:33:02,2024/02/16-12:40:23,441.0,1,50,9,1,1,3,2,3,友人,5,5,3,7,7,1,2,6,2,5,6,7,COMP,1
235,2024/02/16-12:28:55,2024/02/16-12:40:49,714.0,2,58,27,1,1,6,1,7,夫,7,6,2,6,4,4,7,2,3,2,1,6,COMP,8
237,2024/02/16-12:36:20,2024/02/16-12:41:12,292.0,1,59,13,1,5,3,2,5,妻,5,4,3,4,4,3,3,5,3,4,4,4,COMP,5
238,2024/02/16-12:35:12,2024/02/16-12:41:22,370.0,1,48,40,1,1,3,2,4,友達,5,3,5,6,6,2,2,6,6,6,5,6,COMP,1
239,2024/02/16-12:38:46,2024/02/16-12:41:24,158.0,1,57,28,1,1,3,2,5,母,4,3,3,4,5,6,4,4,4,4,3,3,COMP,1
243,2024/02/16-12:37:07,2024/02/16-12:41:35,268.0,1,54,11,1,6,2,2,4,恋人,2,7,3,5,2,6,2,7,2,5,2,6,COMP,6
244,2024/02/16-12:28:04,2024/02/16-12:41:52,828.0,1,32,30,1,3,2,1,3,友人,3,5,4,5,4,4,3,6,3,4,2,7,COMP,3
248,2024/02/16-12:26:37,2024/02/16-12:42:29,952.0,2,48,34,1,1,3,1,6,夫,5,5,3,4,3,6,3,5,1,5,2,4,COMP,1
250,2024/02/16-12:40:21,2024/02/16-12:42:38,137.0,2,40,15,1,6,2,1,1,息子,5,4,2,6,3,4,2,7,1,4,3,6,COMP,6
251,2024/02/16-12:35:36,2024/02/16-12:42:42,426.0,2,40,27,1,2,2,2,4,友人,4,6,6,3,6,6,4,6,6,3,2,6,COMP,2
254,2024/02/16-12:38:31,2024/02/16-12:43:06,275.0,1,49,47,1,7,1,2,4,妻,2,4,3,7,3,5,2,7,1,7,1,7,COMP,7
255,2024/02/16-12:39:09,2024/02/16-12:43:07,238.0,1,50,19,1,2,1,2,3,お気に入りの女の子,2,4,3,5,5,3,3,7,3,6,4,5,COMP,2
256,2024/02/16-12:39:37,2024/02/16-12:43:12,215.0,1,59,28,1,3,4,1,5,親友,5,6,2,5,6,5,5,5,5,5,4,4,COMP,10
259,2024/02/16-12:38:31,2024/02/16-12:43:31,300.0,2,49,13,1,1,1,1,5,親友,2,6,2,7,3,6,1,7,1,4,1,7,COMP,1
266,2024/02/16-12:39:47,2024/02/16-12:43:59,252.0,1,59,27,1,1,3,1,5,上司,7,7,1,7,1,7,7,1,7,1,7,1,COMP,1
267,2024/02/16-12:31:39,2024/02/16-12:44:05,746.0,1,43,14,1,3,3,2,3,妻,4,6,1,7,2,5,2,6,3,3,3,6,COMP,3
268,2024/02/16-12:39:46,2024/02/16-12:44:10,264.0,1,56,10,1,6,2,2,5,妻,4,5,2,6,5,3,2,6,2,6,2,5,COMP,6
269,2024/02/16-12:38:12,2024/02/16-12:44:10,358.0,2,43,20,1,6,2,1,4,夫,4,4,3,6,3,5,2,5,2,4,5,6,COMP,6
271,2024/02/16-12:30:00,2024/02/16-12:44:22,862.0,2,42,23,1,1,2,1,5,夫,5,6,3,5,4,5,1,7,2,5,3,7,COMP,1
273,2024/02/16-12:41:00,2024/02/16-12:44:32,212.0,1,52,27,1,1,3,2,4,友人,7,3,7,2,7,1,3,5,3,5,2,5,COMP,1
274,2024/02/16-12:37:02,2024/02/16-12:44:34,452.0,1,52,33,1,2,2,2,5,妻,4,3,1,5,3,3,2,5,2,4,3,4,COMP,2
275,2024/02/16-12:36:40,2024/02/16-12:44:35,475.0,2,49,27,1,1,3,2,4,子ども,4,4,1,4,4,4,4,7,1,6,4,4,COMP,1
276,2024/02/16-12:41:33,2024/02/16-12:44:42,189.0,2,35,11,1,1,3,2,4,上司,3,3,3,3,3,3,1,4,1,5,3,7,COMP,1
277,2024/02/16-12:39:24,2024/02/16-12:44:43,319.0,1,56,28,1,1,3,1,6,同僚,4,3,3,3,4,2,3,5,3,5,3,5,COMP,1
280,2024/02/16-12:31:02,2024/02/16-12:44:52,830.0,1,46,2,1,6,4,2,8,叔母,5,2,5,5,6,2,4,6,5,6,3,6,COMP,13
285,2024/02/16-12:37:16,2024/02/16-12:45:18,482.0,1,54,25,1,7,2,2,5,妻,6,5,6,6,5,6,5,5,6,6,5,7,COMP,7
287,2024/02/16-12:38:11,2024/02/16-12:45:34,443.0,2,53,13,1,1,1,1,4,夫,5,5,1,6,4,2,1,7,1,7,6,4,COMP,1
290,2024/02/16-12:40:23,2024/02/16-12:45:51,328.0,1,45,28,1,1,3,2,5,パートナー,4,4,5,4,4,4,4,5,5,4,3,3,COMP,1
294,2024/02/16-12:37:37,2024/02/16-12:46:01,504.0,1,55,26,1,5,2,2,5,妻,3,3,3,4,3,3,3,3,4,4,3,3,COMP,5
299,2024/02/16-12:42:36,2024/02/16-12:46:27,231.0,1,44,27,1,1,3,1,4,友人,4,4,3,7,7,1,7,3,4,3,3,4,COMP,1
301,2024/02/16-12:35:58,2024/02/16-12:46:31,633.0,1,34,13,1,2,1,1,3,友達,6,6,3,6,5,3,5,4,1,4,5,5,COMP,2
303,2024/02/16-12:43:23,2024/02/16-12:46:37,194.0,2,46,29,1,2,2,2,4,友人,6,4,5,3,4,2,3,6,2,6,4,2,COMP,2
304,2024/02/16-12:34:24,2024/02/16-12:46:49,745.0,1,58,13,1,7,1,2,5,家内,3,7,1,7,5,7,3,7,1,7,1,7,COMP,7
306,2024/02/16-12:40:49,2024/02/16-12:47:01,372.0,1,54,15,1,1,3,2,5,知人,6,3,2,7,3,4,2,7,2,5,4,6,COMP,1
308,2024/02/16-12:43:09,2024/02/16-12:47:22,253.0,2,34,13,1,1,5,1,3,上司,7,4,1,3,4,1,4,4,1,7,4,4,COMP,8
309,2024/02/16-12:40:14,2024/02/16-12:47:24,430.0,2,41,3,1,2,2,2,4,友人,5,6,1,5,6,2,2,7,2,5,3,6,COMP,2
310,2024/02/16-12:40:52,2024/02/16-12:47:25,393.0,1,33,11,1,2,3,2,5,母,6,4,6,2,5,4,2,5,2,6,4,4,COMP,2
311,2024/02/16-12:42:27,2024/02/16-12:47:33,306.0,2,25,13,1,1,3,2,5,母,1,5,4,2,3,6,2,5,4,1,3,7,COMP,1
312,2024/02/16-12:40:21,2024/02/16-12:47:38,437.0,2,48,1,1,7,1,2,1,娘,3,6,2,5,5,3,2,7,1,6,4,5,COMP,7
313,2024/02/16-12:28:44,2024/02/16-12:47:39,1135.0,2,30,11,1,7,1,1,3,夫,4,5,4,4,2,7,4,4,4,4,4,4,COMP,7
314,2024/02/16-12:41:40,2024/02/16-12:47:44,364.0,2,32,44,1,1,3,1,3,夫,3,4,4,5,7,1,3,5,2,5,3,3,COMP,1
315,2024/02/16-12:43:53,2024/02/16-12:47:46,233.0,2,28,22,1,2,3,1,3,パートナー,4,5,5,3,4,4,4,5,6,2,3,6,COMP,2
316,2024/02/16-12:44:56,2024/02/16-12:47:48,172.0,1,59,13,1,1,6,1,5,同僚,4,3,6,5,3,4,6,1,4,4,5,3,COMP,8
319,2024/02/16-12:43:33,2024/02/16-12:48:13,280.0,2,51,1,1,2,2,2,7,母,4,3,4,6,6,1,4,5,2,4,4,5,COMP,2
320,2024/02/16-12:41:29,2024/02/16-12:48:14,405.0,1,56,25,1,1,6,2,5,姉,2,6,1,6,2,6,7,1,3,4,3,5,COMP,8
321,2024/02/16-12:40:43,2024/02/16-12:48:37,474.0,2,27,44,1,7,1,2,6,母,7,3,4,3,7,1,2,7,1,7,1,7,COMP,7
322,2024/02/16-12:45:51,2024/02/16-12:48:40,169.0,1,43,14,1,5,2,2,3,配偶者,5,3,5,3,4,4,4,4,4,3,4,6,COMP,5
324,2024/02/16-12:43:42,2024/02/16-12:48:57,315.0,2,39,1,1,2,2,1,4,夫,1,5,6,7,3,1,2,5,1,4,1,6,COMP,2
325,2024/02/16-12:46:25,2024/02/16-12:49:03,158.0,1,45,12,1,2,1,2,4,妻,4,4,4,4,4,2,4,7,1,6,4,4,COMP,2
329,2024/02/16-12:44:43,2024/02/16-12:49:32,289.0,2,36,11,1,2,4,4,3,友達,4,4,3,4,2,3,4,6,3,4,4,4,COMP,9
333,2024/02/16-12:33:26,2024/02/16-12:49:42,976.0,2,56,12,1,3,1,2,8,母,2,4,2,4,5,3,1,7,1,7,5,5,COMP,3
336,2024/02/16-12:45:48,2024/02/16-12:50:14,266.0,1,43,40,1,2,3,1,4,同僚,4,4,2,6,4,2,3,4,3,5,4,5,COMP,2
338,2024/02/16-12:45:11,2024/02/16-12:50:26,315.0,1,57,23,1,6,4,2,5,配偶者,4,4,4,4,6,2,4,4,5,4,5,6,COMP,13
340,2024/02/16-12:37:45,2024/02/16-12:51:03,798.0,2,45,34,1,1,2,2,7,母,4,1,4,4,7,1,4,5,1,4,7,4,COMP,1
341,2024/02/16-12:47:20,2024/02/16-12:51:04,224.0,2,55,9,1,3,2,1,5,夫,3,3,4,4,3,4,3,3,3,3,4,3,COMP,3
342,2024/02/16-12:38:45,2024/02/16-12:51:18,753.0,1,34,22,1,2,4,1,3,友人,7,3,7,3,4,5,5,5,4,4,5,3,COMP,9
344,2024/02/16-12:49:14,2024/02/16-12:51:38,144.0,2,36,19,1,6,1,2,3,妹,3,5,4,5,4,4,3,6,5,5,4,5,COMP,6
349,2024/02/16-12:38:54,2024/02/16-12:52:07,793.0,1,55,4,1,6,2,1,8,父,4,5,3,6,4,3,4,5,2,5,2,6,COMP,6
351,2024/02/16-12:44:54,2024/02/16-12:52:10,436.0,1,53,23,1,1,4,2,4,妻,4,5,3,3,2,5,5,4,3,3,6,6,COMP,8
352,2024/02/16-12:48:52,2024/02/16-12:52:12,200.0,2,35,13,1,2,3,1,3,夫,5,5,4,4,4,4,2,4,4,4,4,3,COMP,2
354,2024/02/16-12:43:29,2024/02/16-12:52:22,533.0,1,57,14,1,7,1,2,2,恋人。,3,6,3,7,6,1,3,7,3,4,3,2,COMP,7
355,2024/02/16-12:49:23,2024/02/16-12:52:37,194.0,2,50,6,1,6,1,1,5,友人,6,4,1,6,5,2,1,1,4,5,4,5,COMP,6
356,2024/02/16-12:45:06,2024/02/16-12:52:40,454.0,2,57,37,1,2,3,2,5,近所の友人,4,3,2,5,5,2,3,4,2,6,4,4,COMP,2
359,2024/02/16-12:45:05,2024/02/16-12:53:20,495.0,2,58,13,1,6,2,1,6,夫,2,7,3,6,3,5,4,4,2,7,3,4,COMP,6
362,2024/02/16-12:50:43,2024/02/16-12:53:46,183.0,2,59,25,1,2,3,1,6,彼,3,5,3,4,3,5,2,5,2,7,4,6,COMP,2
364,2024/02/16-12:46:48,2024/02/16-12:53:52,424.0,1,55,26,1,2,2,2,4,母,5,5,5,6,2,6,4,4,4,4,4,4,COMP,2
375,2024/02/16-12:52:21,2024/02/16-12:54:56,155.0,2,21,33,1,2,3,2,2,他人,7,1,7,1,7,1,3,1,3,4,5,3,COMP,2
382,2024/02/16-12:53:14,2024/02/16-12:55:13,119.0,2,38,28,1,1,4,2,3,,4,4,3,4,4,4,4,4,4,4,4,4,COMP,8
384,2024/02/16-12:42:16,2024/02/16-12:55:40,804.0,1,58,24,1,3,4,2,5,妻,5,1,1,5,6,5,6,1,7,3,7,5,COMP,10
386,2024/02/16-12:52:25,2024/02/16-12:55:51,206.0,1,50,22,1,1,4,2,11,家族,4,4,4,4,4,4,4,4,4,4,4,4,COMP,8
389,2024/02/16-12:51:00,2024/02/16-12:55:54,294.0,2,44,8,1,7,1,1,5,婚約者,5,3,1,5,2,3,1,5,1,7,1,7,COMP,7
391,2024/02/16-12:51:45,2024/02/16-12:56:18,273.0,2,32,40,1,7,1,1,3,夫,7,7,3,6,7,4,1,7,1,4,4,7,COMP,7
392,2024/02/16-12:51:06,2024/02/16-12:56:21,315.0,2,54,5,1,1,4,1,6,知り合い,7,1,4,4,4,1,4,3,4,4,4,4,COMP,8
395,2024/02/16-12:52:35,2024/02/16-12:56:39,244.0,1,53,21,1,3,2,2,4,妻,3,7,1,6,1,3,2,7,2,4,1,7,COMP,3
397,2024/02/16-12:52:27,2024/02/16-12:56:48,261.0,1,58,14,1,5,2,2,5,妻,4,6,2,3,2,6,3,6,2,6,4,5,COMP,5
398,2024/02/16-12:52:40,2024/02/16-12:56:50,250.0,1,36,14,1,6,2,2,2,肉体関係はあるが、正式に交際しているわけではない友人,2,4,2,7,6,3,7,7,1,6,1,7,COMP,6
399,2024/02/16-12:52:35,2024/02/16-12:56:54,259.0,2,49,25,1,3,1,1,4,夫,5,4,4,4,5,4,2,4,3,6,3,5,COMP,3
401,2024/02/16-12:53:44,2024/02/16-12:57:01,197.0,1,55,13,1,3,3,2,5,妻,4,6,2,6,3,5,3,6,3,5,3,3,COMP,3
402,2024/02/16-12:54:28,2024/02/16-12:57:02,154.0,2,45,27,1,1,5,1,4,兄弟,3,4,4,4,6,2,4,2,7,2,4,5,COMP,8
405,2024/02/16-12:51:09,2024/02/16-12:57:10,361.0,1,34,13,1,6,1,2,3,恋人,3,5,4,5,2,5,3,6,5,3,1,6,COMP,6
406,2024/02/16-12:51:30,2024/02/16-12:57:19,349.0,1,43,13,1,7,1,2,4,妻,5,3,3,3,4,6,4,6,3,3,3,7,COMP,7
408,2024/02/16-12:54:08,2024/02/16-12:57:24,196.0,2,44,11,1,2,1,1,3,恋人,1,6,2,5,2,6,1,7,1,7,6,2,COMP,2
411,2024/02/16-12:52:42,2024/02/16-12:57:49,307.0,1,49,14,1,5,3,2,4,妻,2,6,3,5,3,1,3,6,2,6,4,2,COMP,5
415,2024/02/16-12:50:46,2024/02/16-12:57:53,427.0,1,35,28,1,6,5,2,3,妻,5,2,5,4,5,5,3,3,5,5,5,5,COMP,13
418,2024/02/16-12:52:12,2024/02/16-12:58:06,354.0,2,53,25,1,7,2,1,5,夫,5,4,4,5,6,2,3,4,3,5,3,6,COMP,7
419,2024/02/16-12:52:09,2024/02/16-12:58:09,360.0,1,55,33,1,2,2,1,5,友人（飲み屋の大将）,1,2,4,5,5,5,4,5,2,3,7,7,COMP,2
420,2024/02/16-12:52:30,2024/02/16-12:58:11,341.0,1,45,16,1,7,1,2,5,妻,3,4,4,5,5,3,2,6,3,4,3,4,COMP,7
421,2024/02/16-12:55:45,2024/02/16-12:58:25,160.0,2,34,20,1,2,3,2,2,友人,5,5,4,5,4,5,6,5,4,4,5,4,COMP,2
422,2024/02/16-12:54:03,2024/02/16-12:58:25,262.0,1,59,13,1,3,3,1,5,友人,2,5,2,6,4,2,4,6,4,6,6,6,COMP,3
424,2024/02/16-12:56:45,2024/02/16-12:58:31,106.0,2,33,23,1,3,1,1,4,好きな人,1,7,1,7,1,7,1,7,1,7,1,7,COMP,3
426,2024/02/16-12:51:10,2024/02/16-12:58:45,455.0,2,48,11,1,6,2,1,1,子,5,5,3,6,2,1,5,5,3,7,6,5,COMP,6
428,2024/02/16-12:55:31,2024/02/16-12:58:49,198.0,1,39,14,1,5,1,2,4,妻,3,4,5,4,5,4,3,2,3,5,5,4,COMP,5
429,2024/02/16-12:56:25,2024/02/16-12:58:49,144.0,2,34,13,1,7,1,1,3,夫,3,3,1,7,5,2,1,7,2,6,1,6,COMP,7
432,2024/02/16-12:47:08,2024/02/16-12:58:57,709.0,1,50,13,1,6,1,2,5,パートナー,4,4,4,7,6,4,1,4,1,4,4,3,COMP,6
433,2024/02/16-12:51:19,2024/02/16-12:58:59,460.0,1,39,1,1,6,1,2,3,妻,3,7,3,5,4,5,3,6,2,6,4,5,COMP,6
434,2024/02/16-12:36:10,2024/02/16-12:59:02,1372.0,2,51,11,1,7,1,1,4,夫,4,4,2,7,4,4,2,7,1,7,2,2,COMP,7
435,2024/02/16-12:52:11,2024/02/16-12:59:02,411.0,2,50,27,1,6,2,1,1,息子,3,5,3,6,5,5,2,6,1,5,2,3,COMP,6
436,2024/02/16-12:56:09,2024/02/16-12:59:03,174.0,2,37,11,1,7,1,2,4,姉,4,4,1,7,7,1,4,3,1,7,7,3,COMP,7
437,2024/02/16-12:55:47,2024/02/16-12:59:14,207.0,2,53,1,1,7,1,1,7,夫,1,7,1,7,1,6,1,7,1,7,2,7,COMP,7
440,2024/02/16-12:57:16,2024/02/16-12:59:28,132.0,1,37,12,1,6,1,2,3,配偶者,2,6,2,6,6,6,2,6,2,4,2,6,COMP,6
443,2024/02/16-12:52:40,2024/02/16-12:59:34,414.0,1,43,44,1,3,3,2,4,恋人,3,4,4,3,3,3,5,3,5,3,5,5,COMP,3
444,2024/02/16-12:56:07,2024/02/16-12:59:35,208.0,2,44,27,1,5,4,2,7,母,2,7,1,7,3,5,3,6,1,7,5,5,COMP,12
445,2024/02/16-12:53:08,2024/02/16-12:59:39,391.0,2,37,27,1,1,6,2,3,同僚,5,5,3,6,5,2,6,1,2,5,4,5,COMP,8
448,2024/02/16-12:51:37,2024/02/16-12:59:46,489.0,2,45,13,1,6,1,2,7,母,1,6,7,4,7,1,7,6,1,4,7,1,COMP,6
454,2024/02/16-12:53:52,2024/02/16-13:00:20,388.0,1,57,12,1,6,2,2,5,妻,4,7,2,6,4,2,4,7,2,7,4,5,COMP,6
455,2024/02/16-12:56:53,2024/02/16-13:00:22,209.0,1,51,19,1,3,3,2,5,妻,5,3,1,6,6,2,6,4,3,5,2,2,COMP,3
457,2024/02/16-12:56:49,2024/02/16-13:00:24,215.0,1,54,26,1,2,3,2,5,同僚,4,4,3,5,2,5,3,6,2,6,4,4,COMP,2
459,2024/02/16-12:57:32,2024/02/16-13:00:40,188.0,2,39,9,1,2,3,1,3,恋人,3,3,3,4,3,3,3,4,3,3,3,3,COMP,2
463,2024/02/16-12:58:35,2024/02/16-13:00:46,131.0,2,48,1,1,5,4,2,4,子供,7,5,7,7,6,7,7,7,6,7,7,6,COMP,12
465,2024/02/16-12:56:42,2024/02/16-13:00:54,252.0,1,51,34,1,5,3,2,5,彼女,6,5,3,6,7,2,5,5,4,4,4,4,COMP,5
466,2024/02/16-12:54:00,2024/02/16-13:00:56,416.0,2,51,3,1,3,1,2,5,友人,5,5,4,4,4,1,4,4,2,7,4,6,COMP,3
467,2024/02/16-12:53:01,2024/02/16-13:01:05,484.0,1,58,28,1,2,4,1,5,仕事仲間,4,5,3,6,5,2,4,4,3,3,5,3,COMP,9
468,2024/02/16-12:58:30,2024/02/16-13:01:10,160.0,1,43,27,1,7,2,2,4,妻,2,6,3,5,3,5,3,3,1,5,5,4,COMP,7
471,2024/02/16-12:56:07,2024/02/16-13:01:27,320.0,1,52,23,1,3,2,2,4,彼女,5,5,3,5,4,4,3,5,5,5,3,3,COMP,3
472,2024/02/16-12:57:59,2024/02/16-13:01:28,209.0,1,34,23,1,7,1,1,3,友人です。,7,4,7,4,1,1,1,4,4,1,1,7,COMP,7
475,2024/02/16-12:55:40,2024/02/16-13:01:33,353.0,2,50,12,1,3,2,1,5,パートナー,5,3,4,4,7,1,5,5,4,2,1,4,COMP,3
476,2024/02/16-12:50:06,2024/02/16-13:01:34,688.0,1,24,29,1,6,1,1,2,同僚,1,5,1,7,4,6,4,7,1,4,4,7,COMP,6
480,2024/02/16-12:54:37,2024/02/16-13:01:41,424.0,1,52,16,1,2,2,2,5,不倫,4,5,2,5,3,4,4,7,3,5,2,7,COMP,2
481,2024/02/16-12:55:51,2024/02/16-13:01:44,353.0,1,59,40,1,6,1,2,4,友達,5,4,2,4,5,2,1,7,1,6,5,7,COMP,6
483,2024/02/16-12:58:44,2024/02/16-13:01:52,188.0,1,52,27,1,7,1,2,4,妻,4,5,4,7,6,3,5,5,4,4,4,2,COMP,7
484,2024/02/16-12:57:35,2024/02/16-13:01:53,258.0,2,32,28,1,6,2,1,3,夫,4,5,3,6,6,3,4,5,3,2,3,6,COMP,6
485,2024/02/16-12:59:29,2024/02/16-13:01:54,145.0,1,49,11,1,7,2,2,5,妻,3,5,4,5,4,4,3,5,3,6,3,5,COMP,7
486,2024/02/16-12:56:52,2024/02/16-13:01:56,304.0,1,53,2,1,5,3,2,6,姉,5,5,5,5,6,1,3,6,2,7,4,4,COMP,5
487,2024/02/16-12:52:59,2024/02/16-13:02:24,565.0,2,43,19,1,2,2,2,5,友達,1,6,1,7,3,5,2,6,1,7,1,7,COMP,2
489,2024/02/16-12:58:24,2024/02/16-13:02:26,242.0,1,44,40,1,6,1,2,4,妻,4,4,3,5,3,4,3,7,5,3,4,4,COMP,6
493,2024/02/16-12:57:45,2024/02/16-13:02:29,284.0,1,57,14,1,6,4,2,5,妻,1,7,1,7,4,7,7,3,1,7,4,7,COMP,13
494,2024/02/16-12:56:05,2024/02/16-13:02:31,386.0,1,59,12,1,2,2,2,5,妻,6,3,3,2,6,2,4,4,1,4,2,6,COMP,2
495,2024/02/16-12:56:40,2024/02/16-13:02:34,354.0,1,53,29,1,7,1,2,3,妻,3,4,3,4,3,3,1,7,1,6,7,4,COMP,7
496,2024/02/16-12:51:14,2024/02/16-13:02:52,698.0,2,49,14,1,7,1,1,4,夫,4,7,4,6,2,6,2,4,1,7,2,4,COMP,7
497,2024/02/16-12:58:46,2024/02/16-13:03:05,259.0,2,48,13,1,5,1,2,1,こども,4,5,6,3,3,5,5,6,4,3,5,2,COMP,5
498,2024/02/16-12:59:48,2024/02/16-13:03:19,211.0,1,29,8,1,7,1,2,2,友達,2,6,3,5,7,7,1,6,5,2,3,5,COMP,7
499,2024/02/16-12:58:55,2024/02/16-13:03:19,264.0,1,34,28,1,6,3,2,3,妻,2,5,3,4,2,6,5,4,2,5,6,2,COMP,6
502,2024/02/16-12:58:40,2024/02/16-13:03:23,283.0,2,53,14,1,7,1,1,5,夫,1,7,1,7,4,5,1,7,1,5,3,7,COMP,7
503,2024/02/16-12:55:51,2024/02/16-13:03:26,455.0,2,53,27,1,5,2,2,8,母,5,4,3,6,7,1,4,6,2,6,2,6,COMP,5
504,2024/02/16-13:00:06,2024/02/16-13:03:33,207.0,1,55,40,1,6,2,2,4,妻,3,6,4,5,6,2,1,7,2,4,6,4,COMP,6
505,2024/02/16-12:54:42,2024/02/16-13:03:34,532.0,2,36,26,1,6,1,1,3,配偶者,6,4,2,5,3,5,2,7,2,7,5,7,COMP,6
506,2024/02/16-12:51:04,2024/02/16-13:03:34,750.0,2,53,27,1,2,6,2,6,昔リーダーをしていた頃のチームメイト,4,2,2,7,6,2,6,6,6,2,1,5,COMP,9
507,2024/02/16-12:50:54,2024/02/16-13:03:38,764.0,1,56,15,1,7,1,2,5,妻,2,6,1,7,1,7,1,7,1,7,1,7,COMP,7
511,2024/02/16-12:59:41,2024/02/16-13:03:51,250.0,1,57,13,1,7,1,2,5,妻,4,6,1,5,3,4,4,7,1,7,4,4,COMP,7
512,2024/02/16-12:58:08,2024/02/16-13:03:53,345.0,1,59,14,1,7,1,2,5,妻,3,5,1,5,3,2,1,7,1,5,3,2,COMP,7
513,2024/02/16-12:59:03,2024/02/16-13:03:55,292.0,2,40,12,1,1,5,1,5,彼,7,1,7,1,6,1,7,1,1,1,1,7,COMP,8
514,2024/02/16-12:59:46,2024/02/16-13:03:59,253.0,2,58,13,1,6,2,2,3,娘,5,7,5,5,4,4,3,7,3,7,2,7,COMP,6
516,2024/02/16-13:00:59,2024/02/16-13:04:12,193.0,2,57,14,1,1,6,1,8,父,4,4,4,6,5,3,6,1,5,3,6,1,COMP,8
518,2024/02/16-12:43:29,2024/02/16-13:04:48,1279.0,1,55,26,1,2,4,1,3,会社の同僚,5,4,3,4,5,2,5,4,3,4,4,2,COMP,9
521,2024/02/16-12:45:34,2024/02/16-13:05:06,1172.0,1,57,13,1,3,2,1,5,業者,2,7,7,6,6,6,6,7,7,6,6,7,COMP,3
522,2024/02/16-13:03:39,2024/02/16-13:05:10,91.0,2,40,13,1,5,2,1,3,部下,3,2,1,1,3,2,2,2,2,7,5,2,COMP,5
523,2024/02/16-13:01:41,2024/02/16-13:05:15,214.0,1,39,8,1,5,2,2,5,パートナー,5,4,3,5,6,4,4,6,3,4,3,4,COMP,5
524,2024/02/16-12:59:17,2024/02/16-13:05:21,364.0,1,55,11,1,5,1,2,5,妻,4,4,4,4,2,7,4,7,2,4,2,7,COMP,5
528,2024/02/16-12:49:56,2024/02/16-13:05:28,932.0,1,36,13,1,3,2,2,5,母,3,6,3,6,5,4,3,6,3,3,4,6,COMP,3
529,2024/02/16-12:57:24,2024/02/16-13:05:36,492.0,2,51,46,1,2,1,1,5,友人,2,4,2,6,6,1,1,7,2,5,4,4,COMP,2
532,2024/02/16-13:01:10,2024/02/16-13:05:42,272.0,1,51,34,1,1,5,2,4,妻,3,5,3,5,3,5,6,1,3,5,3,5,COMP,8
533,2024/02/16-13:02:17,2024/02/16-13:05:49,212.0,1,46,14,1,1,4,2,5,妻,5,3,4,2,7,1,4,4,2,7,2,5,COMP,8
534,2024/02/16-12:58:59,2024/02/16-13:05:52,413.0,2,50,23,1,1,6,1,5,夫,4,6,2,4,4,3,7,1,7,1,7,1,COMP,8
536,2024/02/16-12:58:47,2024/02/16-13:06:04,437.0,1,48,1,1,6,1,2,5,恋人,6,3,5,3,7,1,1,7,1,7,4,7,COMP,6
537,2024/02/16-12:43:10,2024/02/16-13:06:11,1381.0,1,56,27,1,7,1,4,3,友人,3,4,4,5,6,1,1,7,1,3,4,2,COMP,7
540,2024/02/16-12:57:28,2024/02/16-13:06:48,560.0,2,35,42,1,5,1,1,4,彼,7,5,5,2,5,2,1,4,1,7,5,7,COMP,5
541,2024/02/16-13:04:33,2024/02/16-13:07:01,148.0,1,48,26,1,5,3,2,3,,3,5,4,4,4,5,4,5,4,4,3,4,COMP,5
544,2024/02/16-12:56:56,2024/02/16-13:07:35,639.0,1,43,3,1,1,5,1,4,兄。,5,4,6,7,5,2,6,2,6,5,6,3,COMP,8
549,2024/02/16-13:00:14,2024/02/16-13:08:12,478.0,1,57,13,1,5,1,2,5,妻,2,6,3,6,4,4,1,7,1,7,4,5,COMP,5
550,2024/02/16-13:04:19,2024/02/16-13:08:20,241.0,1,34,27,1,2,6,1,3,同僚,4,4,3,4,4,3,7,1,7,1,4,5,COMP,9
552,2024/02/16-13:03:02,2024/02/16-13:08:56,354.0,1,43,38,1,1,6,1,7,父親,4,4,7,4,7,1,4,2,4,4,2,7,COMP,8
553,2024/02/16-13:05:32,2024/02/16-13:08:58,206.0,1,54,40,1,2,4,2,5,妻,6,3,3,2,5,2,7,4,1,7,4,4,COMP,9
554,2024/02/16-13:06:23,2024/02/16-13:09:10,167.0,1,45,14,1,3,4,2,4,妻,6,3,5,4,4,2,6,3,4,4,7,4,COMP,10
555,2024/02/16-13:00:30,2024/02/16-13:09:14,524.0,1,52,20,1,5,3,2,8,母,2,4,2,6,6,2,4,4,5,3,4,3,COMP,5
556,2024/02/16-13:04:47,2024/02/16-13:09:39,292.0,2,54,1,1,3,4,1,5,夫,4,5,4,4,5,3,5,4,5,4,4,3,COMP,10
557,2024/02/16-13:03:35,2024/02/16-13:09:44,369.0,2,58,27,1,5,2,1,5,夫,6,4,6,7,7,1,6,4,2,7,7,2,COMP,5
560,2024/02/16-13:00:55,2024/02/16-13:11:40,645.0,2,38,13,1,1,5,2,3,妹,4,2,5,5,6,2,6,5,5,5,6,2,COMP,8
563,2024/02/16-13:07:50,2024/02/16-13:12:47,297.0,1,52,12,1,5,4,2,4,妻,6,4,6,2,4,4,6,4,6,3,4,6,COMP,12
565,2024/02/16-12:59:33,2024/02/16-13:13:01,808.0,2,58,23,1,1,5,1,5,夫,2,6,2,6,6,2,4,3,4,4,4,4,COMP,8
567,2024/02/16-13:08:50,2024/02/16-13:14:01,311.0,1,45,27,1,7,5,2,4,愛人,2,6,6,7,7,7,2,6,2,6,1,6,COMP,14
569,2024/02/16-13:02:24,2024/02/16-13:14:24,720.0,2,39,3,1,5,2,1,4,夫,4,5,3,7,7,2,1,7,2,3,2,2,COMP,5
571,2024/02/16-13:04:31,2024/02/16-13:14:49,618.0,2,53,11,1,1,5,1,5,夫,3,5,2,7,5,5,4,4,4,1,4,5,COMP,8
572,2024/02/16-13:04:04,2024/02/16-13:15:21,677.0,2,43,13,1,1,4,4,11,同僚,3,3,3,4,3,3,4,4,4,4,4,4,COMP,8
574,2024/02/16-13:08:49,2024/02/16-13:15:45,416.0,2,36,7,1,3,4,1,3,夫,5,5,5,6,4,2,4,6,4,6,3,5,COMP,10
575,2024/02/16-13:13:28,2024/02/16-13:15:52,144.0,1,55,40,1,5,4,2,4,恋人,4,4,4,4,4,4,4,4,4,4,4,4,COMP,12
576,2024/02/16-13:14:09,2024/02/16-13:16:21,132.0,1,31,27,1,6,4,2,2,妻,1,7,4,6,6,4,5,5,5,7,5,7,COMP,13
577,2024/02/16-12:32:04,2024/02/16-13:16:23,2659.0,1,58,27,1,1,4,1,7,上司,3,3,3,4,4,2,5,3,3,6,4,6,COMP,8
578,2024/02/16-13:02:25,2024/02/16-13:16:29,844.0,1,51,29,1,1,4,1,3,職場で出会った親しい友達。,5,6,2,7,3,2,6,5,6,1,1,1,COMP,8
579,2024/02/16-13:13:20,2024/02/16-13:16:29,189.0,1,40,40,1,1,4,2,3,友人,4,4,2,5,6,2,4,3,4,2,2,6,COMP,8
582,2024/02/16-13:03:43,2024/02/16-13:16:53,790.0,2,31,2,1,5,1,2,6,同僚,4,6,5,7,2,2,1,7,1,6,1,1,COMP,5
583,2024/02/16-12:59:47,2024/02/16-13:17:13,1046.0,1,52,23,1,7,1,2,5,妻,3,3,3,4,3,5,3,6,1,6,5,4,COMP,7
584,2024/02/16-13:08:56,2024/02/16-13:17:18,502.0,2,57,3,1,1,4,1,6,夫,4,4,5,5,7,3,6,3,4,2,4,5,COMP,8
587,2024/02/16-13:02:17,2024/02/16-13:19:00,1003.0,2,54,11,1,5,2,2,8,母,1,4,3,7,7,1,6,5,2,6,2,7,COMP,5
589,2024/02/16-12:55:31,2024/02/16-13:19:10,1419.0,2,28,29,1,3,4,2,3,姉,5,4,3,5,6,1,4,4,4,4,4,3,COMP,10
590,2024/02/16-13:02:47,2024/02/16-13:19:26,999.0,2,54,13,1,5,4,1,6,友達,4,7,4,4,2,6,2,5,4,6,4,6,COMP,12
591,2024/02/16-12:58:54,2024/02/16-13:19:33,1239.0,2,54,11,1,7,1,1,2,子供,4,4,2,6,5,4,3,2,2,6,4,7,COMP,7
592,2024/02/16-13:08:10,2024/02/16-13:20:21,731.0,1,42,33,1,1,6,4,11,他人,5,3,5,6,6,2,6,2,6,2,4,2,COMP,8
594,2024/02/16-12:39:20,2024/02/16-13:20:41,2481.0,2,55,14,1,2,2,2,5,元同僚,3,5,2,5,3,4,3,6,2,5,3,5,COMP,2
596,2024/02/16-13:02:14,2024/02/16-13:21:21,1147.0,1,56,4,1,1,6,4,11,宮城県民,1,7,7,7,1,1,7,1,7,1,4,1,COMP,8
597,2024/02/16-13:18:22,2024/02/16-13:21:27,185.0,2,51,1,1,2,4,4,5,夫,4,4,2,4,4,4,2,5,2,6,4,3,COMP,9
598,2024/02/16-13:20:17,2024/02/16-13:22:37,140.0,2,52,27,1,2,4,1,5,よくわからない,4,5,4,4,5,4,4,4,4,4,4,5,COMP,9
601,2024/02/16-12:53:24,2024/02/16-13:24:26,1862.0,1,51,27,1,7,1,2,4,彼女,3,7,1,6,4,5,2,6,1,6,3,5,COMP,7
606,2024/02/16-12:59:09,2024/02/16-13:29:02,1793.0,1,44,30,1,5,2,2,4,妻,5,2,4,7,7,2,2,7,2,3,4,6,COMP,5
608,2024/02/16-13:21:28,2024/02/16-13:30:42,554.0,2,56,44,1,7,4,1,6,夫,5,4,4,4,7,1,3,4,2,7,5,1,COMP,14
609,2024/02/16-13:18:26,2024/02/16-13:31:13,767.0,1,50,14,1,3,4,2,4,妹,4,4,6,6,7,5,3,6,3,6,5,3,COMP,10
613,2024/02/16-12:56:48,2024/02/16-13:33:13,2185.0,1,29,13,1,6,2,1,2,恋人,4,4,4,4,7,2,1,7,2,7,2,7,COMP,6
614,2024/02/16-13:29:27,2024/02/16-13:33:15,228.0,2,35,35,1,6,5,1,4,夫,7,5,2,7,7,2,4,5,4,2,2,4,COMP,13
615,2024/02/16-12:53:22,2024/02/16-13:35:01,2499.0,2,54,13,1,5,1,1,4,夫,4,4,5,4,6,6,6,6,2,7,5,5,COMP,5
622,2024/02/16-13:39:07,2024/02/16-13:40:36,89.0,1,39,13,1,7,6,4,3,特にない、わからない,2,1,2,1,1,2,1,1,2,1,1,1,COMP,14
623,2024/02/16-13:34:44,2024/02/16-13:40:50,366.0,2,59,28,1,7,6,1,6,夫,2,6,2,5,6,4,2,6,2,6,2,6,COMP,14
625,2024/02/16-13:37:22,2024/02/16-13:42:12,290.0,2,38,10,1,6,4,1,3,夫,5,6,3,6,5,4,6,5,6,6,6,4,COMP,13
630,2024/02/16-13:26:05,2024/02/16-13:45:45,1180.0,2,59,10,1,3,6,2,5,妹,3,4,1,7,3,3,6,3,4,1,2,7,COMP,10
631,2024/02/16-13:12:34,2024/02/16-13:45:52,1998.0,2,47,2,1,3,4,1,5,夫,3,4,5,4,6,2,3,5,6,4,5,3,COMP,10
633,2024/02/16-13:41:01,2024/02/16-13:51:01,600.0,2,57,13,1,2,4,2,8,母,2,4,1,6,4,2,7,3,1,3,3,7,COMP,9
634,2024/02/16-13:42:29,2024/02/16-13:52:41,612.0,1,58,15,1,5,4,2,8,母,2,3,6,2,2,5,3,5,3,3,2,5,COMP,12
635,2024/02/16-13:45:23,2024/02/16-13:53:30,487.0,2,59,13,1,2,4,2,9,母親,7,1,4,7,7,1,7,4,4,4,3,6,COMP,9
636,2024/02/16-13:45:06,2024/02/16-13:55:51,645.0,1,53,21,1,3,4,2,4,妻,6,3,4,7,7,1,4,7,2,6,1,6,COMP,10
637,2024/02/16-13:54:00,2024/02/16-13:56:00,120.0,2,40,14,1,3,5,2,4,友人,4,6,6,6,4,5,6,6,4,6,6,5,COMP,10
641,2024/02/16-12:28:08,2024/02/16-14:05:35,5847.0,2,49,14,1,2,2,1,5,先輩,4,4,3,4,3,7,2,6,2,5,2,7,COMP,2
643,2024/02/16-13:05:35,2024/02/16-14:06:27,3652.0,2,59,35,1,3,4,2,6,同級生,4,4,4,4,3,6,2,6,3,6,5,5,COMP,10
645,2024/02/16-14:13:53,2024/02/16-14:16:40,167.0,1,41,28,1,3,4,1,4,上司,4,5,5,4,4,4,4,4,5,4,4,4,COMP,10
647,2024/02/16-14:17:17,2024/02/16-14:20:22,185.0,1,34,38,1,3,4,1,3,おや,3,6,2,6,5,2,2,4,1,5,6,2,COMP,10
650,2024/02/16-14:23:11,2024/02/16-14:24:57,106.0,2,30,15,1,7,6,2,3,,4,4,3,4,4,4,4,4,4,4,4,4,COMP,14
654,2024/02/16-14:20:13,2024/02/16-14:27:30,437.0,2,47,41,1,3,4,1,4,夫,3,6,3,3,4,4,7,3,5,3,5,3,COMP,10
657,2024/02/16-14:21:39,2024/02/16-14:29:42,483.0,1,46,12,1,3,4,2,4,配偶者,5,2,2,5,6,4,5,1,3,2,2,2,COMP,10
659,2024/02/16-14:17:15,2024/02/16-14:35:45,1110.0,1,58,16,1,3,4,2,5,妻,3,3,3,5,6,2,7,3,4,4,4,5,COMP,10
660,2024/02/16-14:29:42,2024/02/16-14:36:18,396.0,1,47,38,1,2,5,2,4,妻,4,5,2,5,3,5,4,3,6,2,7,3,COMP,9
662,2024/02/16-14:30:54,2024/02/16-14:39:38,524.0,1,59,4,1,5,5,1,5,家族メンバー,6,6,6,6,6,5,5,5,5,5,5,4,COMP,12
664,2024/02/16-14:37:48,2024/02/16-14:41:23,215.0,1,46,10,1,2,4,1,4,職場の同僚,4,3,3,7,5,3,4,4,3,4,3,3,COMP,9
671,2024/02/16-14:36:26,2024/02/16-14:49:55,809.0,1,57,8,1,3,4,2,5,妻,5,1,1,5,7,1,7,4,7,4,3,7,COMP,10
674,2024/02/16-14:27:15,2024/02/16-14:53:56,1601.0,2,48,23,1,2,4,1,4,夫,6,3,6,4,6,4,4,4,3,4,4,4,COMP,9
675,2024/02/16-14:52:16,2024/02/16-14:54:44,148.0,1,38,26,1,2,4,1,4,母,4,2,4,5,4,4,5,6,5,5,4,5,COMP,9
676,2024/02/16-14:57:38,2024/02/16-15:01:10,212.0,4,56,23,1,7,6,4,11,non,7,1,7,1,7,1,7,1,7,1,7,1,COMP,14
677,2024/02/16-14:47:28,2024/02/16-15:03:00,932.0,1,53,14,1,7,4,2,5,彼女,6,6,2,4,5,3,3,6,3,5,3,5,COMP,14
684,2024/02/16-15:12:27,2024/02/16-15:16:34,247.0,1,50,14,1,7,4,1,5,母,7,1,7,7,7,1,1,7,4,4,4,4,COMP,14
686,2024/02/16-12:52:20,2024/02/16-15:21:12,8932.0,2,53,28,1,5,1,1,1,息子,3,4,4,4,5,5,4,5,4,4,5,4,COMP,5
689,2024/02/16-15:37:09,2024/02/16-15:43:35,386.0,2,51,1,1,3,4,1,5,夫,4,5,3,6,5,3,2,5,4,5,4,4,COMP,10
691,2024/02/16-15:43:24,2024/02/16-15:45:02,98.0,2,30,43,1,5,5,3,3,,7,4,4,5,4,5,5,6,4,5,4,5,COMP,12
694,2024/02/16-15:41:10,2024/02/16-15:51:28,618.0,1,55,13,1,7,4,1,3,お世話になっている福祉事務所の自分の担当,5,4,5,5,6,2,4,4,3,4,4,4,COMP,14
695,2024/02/16-15:49:17,2024/02/16-15:55:10,353.0,1,51,1,1,2,4,2,5,配偶者,7,1,7,1,7,2,4,3,3,5,2,6,COMP,9
696,2024/02/16-15:44:04,2024/02/16-15:57:22,798.0,2,58,14,1,7,4,1,5,実弟,3,5,3,7,4,4,7,4,5,5,7,1,COMP,14
699,2024/02/16-15:46:02,2024/02/16-16:02:45,1003.0,2,41,34,1,2,5,2,7,母,5,3,4,4,6,2,5,3,4,5,3,5,COMP,9
700,2024/02/16-15:51:50,2024/02/16-16:04:22,752.0,1,41,43,1,2,4,2,4,妻,6,3,4,4,2,5,3,5,4,7,4,7,COMP,9
702,2024/02/16-16:07:55,2024/02/16-16:10:01,126.0,2,59,11,1,2,4,3,3,,4,4,4,4,4,5,4,3,3,3,4,4,COMP,9
705,2024/02/16-16:13:45,2024/02/16-16:18:43,298.0,1,44,26,1,2,4,1,4,友人,3,4,4,4,4,4,4,4,4,4,3,4,COMP,9
713,2024/02/16-16:31:49,2024/02/16-16:36:57,308.0,2,49,32,1,3,5,1,4,パートナー,3,3,5,3,3,6,3,3,2,4,4,6,COMP,10
714,2024/02/16-15:55:12,2024/02/16-16:41:59,2807.0,1,54,27,1,2,5,1,5,弟,4,3,4,3,7,1,5,3,5,2,5,3,COMP,9
716,2024/02/16-16:39:18,2024/02/16-16:42:53,215.0,2,54,13,1,3,4,1,5,夫,2,6,2,6,3,5,7,3,6,2,6,2,COMP,10
718,2024/02/16-16:44:05,2024/02/16-16:50:18,373.0,1,52,26,1,2,6,1,5,夫,3,3,3,3,3,3,3,3,3,3,3,3,COMP,9
725,2024/02/16-17:24:13,2024/02/16-17:25:41,88.0,2,41,15,1,2,4,1,4,夫,5,4,3,3,4,3,5,5,4,4,4,4,COMP,9
726,2024/02/16-17:23:46,2024/02/16-17:25:56,130.0,1,45,40,1,5,4,1,4,,4,4,2,5,4,4,5,4,2,3,6,5,COMP,12
732,2024/02/16-17:43:10,2024/02/16-17:44:50,100.0,2,57,28,1,5,5,2,4,,4,3,5,4,3,4,4,3,5,4,3,3,COMP,12
736,2024/02/16-17:58:49,2024/02/16-18:03:32,283.0,2,58,27,1,5,5,2,5,夫,4,5,6,6,5,5,4,3,5,7,5,3,COMP,12
738,2024/02/16-18:00:56,2024/02/16-18:04:34,218.0,1,50,13,1,2,4,2,3,親友,4,4,4,4,3,4,4,4,4,4,3,4,COMP,9
740,2024/02/16-18:11:34,2024/02/16-18:13:05,91.0,4,41,38,1,7,6,4,11,上司、,7,7,7,7,7,7,7,7,7,7,7,7,COMP,14
742,2024/02/16-18:01:44,2024/02/16-18:15:47,843.0,1,58,2,1,3,4,2,8,母,4,5,5,4,4,5,5,4,6,4,5,5,COMP,10
745,2024/02/16-17:59:19,2024/02/16-18:19:35,1216.0,2,30,9,1,5,4,2,3,母,5,5,3,6,6,3,5,6,4,5,6,5,COMP,12
747,2024/02/16-18:19:35,2024/02/16-18:22:56,201.0,1,45,30,1,5,4,2,4,妻,1,7,4,3,1,4,7,4,1,7,7,1,COMP,12
749,2024/02/16-18:18:31,2024/02/16-18:28:05,574.0,2,53,13,1,2,4,1,6,元配偶者,5,3,3,3,4,4,4,4,4,2,5,3,COMP,9
766,2024/02/16-19:00:09,2024/02/16-19:14:08,839.0,1,55,32,1,2,4,2,4,パートナー,5,3,3,3,4,3,5,5,3,4,5,3,COMP,9
767,2024/02/16-19:13:24,2024/02/16-19:17:25,241.0,1,34,34,1,3,4,1,3,好きな人,2,2,3,3,3,3,3,3,3,5,3,3,COMP,10
768,2024/02/16-19:15:20,2024/02/16-19:22:13,413.0,2,56,12,1,7,5,1,6,とくにない。,3,4,4,4,4,4,4,4,4,4,5,4,COMP,14
774,2024/02/16-19:24:37,2024/02/16-19:26:28,111.0,1,31,38,1,2,4,1,3,,6,5,2,4,3,3,5,5,5,4,5,5,COMP,9
778,2024/02/16-19:28:33,2024/02/16-19:37:01,508.0,2,54,40,1,5,4,1,6,パートナー,4,5,5,5,4,3,3,5,5,6,2,3,COMP,12
779,2024/02/16-19:36:06,2024/02/16-19:38:20,134.0,2,30,13,1,5,4,2,6,妻,4,4,5,5,5,4,3,5,4,5,4,3,COMP,12
784,2024/02/16-19:38:42,2024/02/16-19:46:09,447.0,1,57,14,1,2,4,2,5,姉,3,6,3,5,3,6,2,6,5,4,4,3,COMP,9
788,2024/02/16-12:25:03,2024/02/16-19:53:48,26925.0,1,56,34,1,6,1,2,5,恋人,4,5,5,6,5,5,4,6,4,6,3,7,COMP,6
789,2024/02/16-19:53:45,2024/02/16-20:00:53,428.0,2,24,42,1,2,4,2,5,母,5,5,4,4,6,2,4,5,2,5,3,5,COMP,9
790,2024/02/16-19:31:41,2024/02/16-20:09:15,2254.0,2,37,8,1,7,6,4,11,隣人,7,4,3,4,3,4,4,3,1,7,4,7,COMP,14
792,2024/02/16-14:03:20,2024/02/16-20:12:27,22147.0,1,59,42,1,3,4,2,4,彼女,5,3,4,4,5,2,3,4,3,6,4,5,COMP,10
795,2024/02/16-20:13:35,2024/02/16-20:17:17,222.0,2,48,11,1,5,5,2,7,母,7,4,1,4,6,4,7,1,4,4,7,4,COMP,12
798,2024/02/16-20:25:29,2024/02/16-20:30:27,298.0,2,56,27,1,2,5,1,5,夫,6,7,2,6,5,3,5,2,3,5,6,1,COMP,9
800,2024/02/16-20:28:34,2024/02/16-20:37:07,513.0,2,54,34,1,3,5,2,8,母親,4,6,4,4,5,6,4,6,4,2,5,5,COMP,10
805,2024/02/16-20:56:04,2024/02/16-21:00:39,275.0,2,37,12,1,6,4,1,3,夫,4,5,5,6,3,3,3,4,5,6,4,4,COMP,13
806,2024/02/16-21:05:50,2024/02/16-21:07:40,110.0,1,48,13,1,3,4,1,4,,4,5,4,4,4,5,5,5,5,5,5,4,COMP,10
808,2024/02/16-20:06:50,2024/02/16-21:16:05,4155.0,1,56,2,1,5,4,1,5,妻,4,6,3,4,3,5,3,6,2,4,4,6,COMP,12
810,2024/02/16-21:34:32,2024/02/16-21:45:23,651.0,2,56,14,1,5,4,2,5,旦那,3,5,5,3,3,5,3,5,4,6,6,4,COMP,12
815,2024/02/16-22:30:57,2024/02/16-22:34:27,210.0,2,38,12,1,3,5,2,2,知人,4,4,4,4,4,1,4,4,4,4,1,4,COMP,10
818,2024/02/16-22:31:00,2024/02/16-22:53:46,1366.0,1,51,13,1,5,4,2,5,妻,5,5,5,4,4,6,4,6,3,4,3,6,COMP,12
820,2024/02/16-22:54:28,2024/02/16-22:58:46,258.0,2,47,13,1,3,4,1,5,恋人,4,5,3,5,4,4,5,5,5,3,3,7,COMP,10
822,2024/02/16-23:55:57,2024/02/16-23:58:14,137.0,1,49,12,1,5,4,1,4,ちち,7,4,4,4,4,4,4,4,4,4,4,4,COMP,12
825,2024/02/17-01:40:57,2024/02/17-01:50:20,563.0,2,42,12,1,6,4,2,4,夫、高2、中一,4,4,4,4,4,4,4,4,5,4,4,4,COMP,13
826,2024/02/16-23:03:18,2024/02/17-04:54:02,21044.0,2,55,13,1,7,5,2,5,友達,3,5,2,4,6,3,7,3,3,2,5,1,COMP,14
829,2024/02/16-12:46:01,2024/02/17-08:48:27,72146.0,1,58,22,1,5,2,1,8,父,3,6,2,5,3,3,4,5,3,5,5,5,COMP,5
830,2024/02/16-19:12:03,2024/02/17-10:36:58,55495.0,2,44,28,1,6,4,3,4,夫,2,6,2,7,2,4,4,7,1,4,1,7,COMP,13
833,2024/02/17-11:34:26,2024/02/17-11:37:11,165.0,1,40,40,1,7,6,2,2,友人,4,3,3,3,4,3,5,4,5,4,4,4,COMP,14
836,2024/02/17-12:51:46,2024/02/17-12:59:02,436.0,2,56,11,1,6,4,1,6,夫,4,1,2,4,4,3,4,1,1,5,3,7,COMP,13
837,2024/02/17-13:17:57,2024/02/17-13:20:19,142.0,2,32,27,1,7,4,2,5,飼い主,7,1,7,1,7,1,3,5,1,7,3,7,COMP,14
840,2024/02/17-14:00:47,2024/02/17-14:09:37,530.0,1,56,11,1,5,4,1,2,子供,3,5,5,6,4,3,5,4,6,3,5,7,COMP,12
841,2024/02/17-14:18:29,2024/02/17-14:22:31,242.0,1,54,13,1,7,4,2,5,妻,5,4,5,5,5,6,5,4,4,4,4,5,COMP,14
844,2024/02/17-17:06:51,2024/02/17-17:11:02,251.0,4,23,14,1,5,4,3,2,,4,3,3,4,4,4,5,3,4,3,5,5,COMP,12
846,2024/02/17-18:24:59,2024/02/17-18:30:23,324.0,2,47,12,1,6,5,1,4,元恋人,3,5,4,6,7,7,7,2,7,1,3,1,COMP,13
848,2024/02/17-19:59:34,2024/02/17-20:01:48,134.0,2,31,13,1,5,4,1,3,夫,4,4,4,5,3,4,4,4,4,4,3,4,COMP,12
851,2024/02/17-20:59:50,2024/02/17-21:01:45,115.0,2,34,8,1,7,6,4,3,,5,4,3,5,5,5,7,4,5,5,7,3,COMP,14
852,2024/02/17-21:10:01,2024/02/17-21:12:36,155.0,1,38,30,1,6,6,1,3,なさ,4,3,4,3,3,4,1,4,4,4,3,2,COMP,13
854,2024/02/17-05:42:22,2024/02/18-06:28:34,89172.0,2,51,12,1,7,6,2,5,夫　,4,3,6,4,5,4,7,1,7,4,4,4,COMP,14
859,2024/02/18-15:30:50,2024/02/18-15:40:59,609.0,2,55,17,1,7,4,1,5,夫,2,7,3,5,4,2,2,7,4,4,5,4,COMP,14
860,2024/02/18-16:07:58,2024/02/18-16:11:41,223.0,1,49,1,1,6,4,2,5,妻,4,5,2,5,2,4,4,5,5,5,4,5,COMP,13
862,2024/02/18-18:31:17,2024/02/18-18:38:03,406.0,1,44,30,1,6,4,2,4,妻,4,3,3,6,5,2,4,5,6,3,3,2,COMP,13
864,2024/02/18-20:38:23,2024/02/18-20:42:18,235.0,2,56,10,1,6,4,1,5,夫,7,1,1,6,4,4,1,5,6,5,6,2,COMP,13
865,2024/02/18-21:08:22,2024/02/18-21:10:11,109.0,1,38,13,1,7,6,2,4,妻,1,7,1,7,1,7,1,7,1,7,1,7,COMP,14
867,2024/02/18-21:52:51,2024/02/18-22:02:11,560.0,2,50,1,1,7,6,2,5,同僚,4,4,4,4,5,3,5,3,4,3,5,4,COMP,14
868,2024/02/16-15:52:02,2024/02/19-07:07:08,227706.0,1,41,14,1,5,5,1,3,夫,4,5,7,1,4,6,4,6,5,5,5,5,COMP,12
869,2024/02/19-10:03:38,2024/02/19-10:13:14,576.0,1,31,32,1,5,4,2,6,母親,4,4,2,5,5,3,2,6,1,6,2,6,COMP,12
870,2024/02/19-10:38:17,2024/02/19-10:42:29,252.0,2,46,1,1,5,4,1,4,夫,5,5,6,6,5,4,3,6,2,6,2,5,COMP,12
872,2024/02/19-11:01:20,2024/02/19-11:03:27,127.0,2,42,11,1,7,4,1,4,,1,1,1,1,7,1,1,1,1,1,1,1,COMP,14
883,2024/02/19-11:14:36,2024/02/19-11:17:43,187.0,2,21,1,1,5,5,2,2,友人,4,5,3,3,2,6,3,6,3,3,3,5,COMP,12
885,2024/02/19-11:21:16,2024/02/19-11:22:57,101.0,2,36,35,1,6,6,2,3,,7,5,5,3,6,6,4,6,7,7,7,5,COMP,13
886,2024/02/19-11:11:19,2024/02/19-11:26:34,915.0,1,53,14,1,5,4,2,4,パートナー,5,2,1,3,2,2,1,7,2,6,5,7,COMP,12
892,2024/02/19-12:25:05,2024/02/19-12:28:22,197.0,1,51,34,1,6,5,1,5,夫,5,4,5,4,4,5,5,5,4,5,6,6,COMP,13
898,2024/02/19-12:47:29,2024/02/19-12:49:33,124.0,1,45,13,1,7,6,1,4,,7,7,7,7,7,7,7,7,7,7,7,7,COMP,14
899,2024/02/19-13:10:33,2024/02/19-13:12:24,111.0,1,42,1,1,6,5,1,4,母,5,5,6,6,5,5,3,5,5,5,4,4,COMP,13
903,2024/02/19-14:47:36,2024/02/19-14:49:56,140.0,1,54,23,1,6,4,1,3,とも,4,4,3,4,6,4,4,5,4,4,4,4,COMP,13
904,2024/02/19-14:45:41,2024/02/19-14:58:04,743.0,2,40,13,1,6,5,2,3,夫,4,5,5,5,4,4,4,5,4,5,6,5,COMP,13
906,2024/02/19-15:43:15,2024/02/19-15:44:54,99.0,1,58,28,1,7,6,4,8,,7,7,7,7,7,7,7,7,7,7,7,7,COMP,14
908,2024/02/19-16:02:48,2024/02/19-16:05:11,143.0,2,41,40,1,6,4,1,4,夫,7,7,4,6,4,4,4,4,3,4,5,3,COMP,13
909,2024/02/19-16:09:46,2024/02/19-16:19:55,609.0,2,42,25,1,7,4,1,4,夫,5,3,3,5,7,1,3,3,3,3,2,2,COMP,14
913,2024/02/19-18:31:57,2024/02/19-18:35:25,208.0,1,48,1,1,6,4,2,4,妻,4,3,3,5,2,3,3,2,4,4,5,4,COMP,13
917,2024/02/19-11:15:57,2024/02/19-20:07:03,31866.0,1,57,27,1,5,5,1,5,友達,2,6,1,6,3,4,2,5,4,5,4,6,COMP,12
918,2024/02/19-20:06:03,2024/02/19-20:50:20,2657.0,2,42,13,1,6,5,2,7,母,4,4,2,4,5,4,7,2,7,4,7,1,COMP,13
919,2024/02/19-21:13:25,2024/02/19-21:15:47,142.0,1,55,21,1,6,5,2,5,配偶者,3,4,4,4,4,4,4,4,4,4,4,4,COMP,13
920,2024/02/19-21:52:19,2024/02/19-21:56:35,256.0,2,43,21,1,6,4,1,5,夫,3,3,5,3,5,4,2,3,3,5,4,5,COMP,13
921,2024/02/19-22:04:23,2024/02/19-22:07:03,160.0,2,26,27,1,6,6,1,2,おっと,4,3,3,5,5,3,3,5,3,5,3,5,COMP,13
922,2024/02/19-23:24:55,2024/02/19-23:27:11,136.0,1,54,29,1,6,4,2,5,妻,4,3,4,4,3,3,3,4,3,3,3,4,COMP,13
923,2024/02/19-23:36:16,2024/02/19-23:46:45,629.0,1,55,26,1,6,6,1,5,妻,1,7,1,7,1,7,1,7,1,7,1,7,COMP,13
924,2024/02/20-02:37:31,2024/02/20-02:49:55,744.0,2,46,6,1,6,4,2,4,姉,5,5,1,7,7,1,7,4,3,4,6,1,COMP,13
