MID,rt,self_sex,self_age,target_likedislike,target_sex,IOS_score,IOS_group,Adj_cosine,Adj_euclidean,Adj_manhattan,Verb_cosine,Verb_euclidean,Verb_manhattan,Noun_cosine,Noun_euclidean,Noun_manhattan
2,193.0,1,45,3,2,5,HighIOS,,,,,,,,,
5,137.0,1,36,4,2,2,LowIOS,,,,0.9338511824607849,0.3441390097141266,1.932723825564608,0.8828304409980774,0.4696919918060303,2.609288726001978
7,293.0,1,54,1,2,5,HighIOS,0.48952600359916687,0.779249906539917,4.46590732425102,0.8267404437065125,0.43357664346694946,2.5561126405373216,0.035335540771484375,1.1292848587036133,6.48090650443919
8,103.0,1,36,1,2,1,LowIOS,,,,,,,0.39766013622283936,1.0975791215896606,6.200497071025893
11,160.0,1,56,1,2,2,LowIOS,,,,,,,,,
13,119.0,1,51,3,2,3,LowIOS,,,,,,,,,
27,236.0,1,53,1,2,1,LowIOS,,,,0.84943687915802,0.37887322902679443,2.226377055514604,0.8832606673240662,0.3827609121799469,2.18210705765523
28,85.0,1,43,3,1,2,LowIOS,,,,1.0000001192092896,0.0,0.0,,,
31,210.0,1,53,4,2,3,LowIOS,,,,,,,1.0,0.0,0.0
36,267.0,2,50,2,1,1,LowIOS,0.2102372795343399,1.1960411071777344,6.7272585263999645,,,,0.2982606887817383,1.1846849918365479,7.141793047383544
40,330.0,1,59,3,2,2,LowIOS,,,,0.7957149147987366,0.49686628580093384,2.6973007028573193,,,
41,205.0,1,46,2,2,1,LowIOS,1.0,1.4901161193847656e-08,3.3527612686157227e-08,,,,,,
42,143.0,1,46,2,2,3,LowIOS,,,,,,,,,
44,156.0,1,53,4,2,5,HighIOS,0.6087266802787781,0.7986724972724915,4.50288495013956,0.29374852776527405,1.0059603452682495,5.296038435772061,,,
47,286.0,2,49,1,2,1,LowIOS,0.3437982499599457,0.9098677635192871,5.381318322964944,0.767628014087677,0.5511943697929382,3.33889126079157,0.8685943484306335,0.38493019342422485,2.1283637650776654
51,138.0,2,59,3,1,1,LowIOS,,,,,,,,,
52,196.0,1,52,3,2,5,HighIOS,,,,,,,,,
64,454.0,2,47,2,1,3,LowIOS,0.5808465480804443,0.8232284784317017,4.458152142906329,0.837091326713562,0.371915340423584,2.131162649486214,0.6565839648246765,0.550191342830658,2.9607054378138855
65,207.0,1,53,3,2,7,HighIOS,,,,,,,,,
66,457.0,2,55,2,1,5,HighIOS,0.5571764707565308,0.8004199266433716,4.4008897906169295,0.7514849305152893,0.45728790760040283,2.5851231375709176,0.6222960352897644,0.5661734342575073,3.1155978412134573
73,205.0,1,47,1,1,5,HighIOS,,,,,,,,,
75,131.0,2,49,3,2,2,LowIOS,,,,,,,,,
76,128.0,2,46,1,2,3,LowIOS,,,,,,,,,
78,175.0,2,42,4,1,2,LowIOS,0.7200616002082825,0.5387420654296875,2.8461064400617033,0.6952032446861267,0.5293295979499817,2.867493311990984,0.4800412058830261,0.548655092716217,3.1267195542459376
79,218.0,1,55,2,2,2,LowIOS,,,,0.9149001836776733,0.3307175934314728,1.8816866588313133,,,
80,540.0,2,45,1,1,2,LowIOS,,,,,,,,,
81,198.0,1,43,3,2,5,HighIOS,,,,,,,,,
83,226.0,2,56,1,1,1,LowIOS,,,,1.0,0.0,0.0,,,
85,231.0,2,53,1,1,7,HighIOS,0.43700486421585083,0.8595743775367737,4.7596172109479085,0.8301257491111755,0.44787031412124634,2.3259852109476924,0.6038203835487366,0.5013924837112427,2.8498913880903274
89,307.0,2,32,1,2,1,LowIOS,,,,0.8031817078590393,0.3718802034854889,2.1213096221908927,0.3605828583240509,0.8614828586578369,4.796039676293731
91,294.0,1,54,3,4,3,LowIOS,,,,0.4147365391254425,0.9499010443687439,5.379667662084103,0.1187983900308609,1.1362054347991943,6.665048562106676
92,360.0,1,54,3,2,1,LowIOS,,,,,,,,,
97,232.0,1,52,3,2,1,LowIOS,0.5307675004005432,0.8070563673973083,4.5287662504124455,,,,0.47501927614212036,0.8196123242378235,4.543164930772036
98,252.0,1,33,2,1,6,HighIOS,0.5689651370048523,0.6989002823829651,3.987655006843852,0.8840932846069336,0.2723957300186157,1.4360015720594674,0.6529746651649475,0.6042941808700562,3.437893438298488
99,249.0,2,43,2,2,6,HighIOS,,,,0.6649661064147949,0.7689188122749329,4.456955079222098,,,
102,272.0,2,47,3,1,7,HighIOS,,,,,,,,,
105,198.0,1,55,2,2,6,HighIOS,,,,,,,,,
109,291.0,2,52,1,2,6,HighIOS,1.0000001192092896,0.0,0.0,0.9635843634605408,0.1963968575000763,1.1151406685821712,,,
112,257.0,1,54,1,2,6,HighIOS,0.8315407633781433,0.4425710439682007,2.4500828080344945,0.7709003686904907,0.40599510073661804,2.3081820600200444,0.8770233392715454,0.39896589517593384,2.3551290188916028
113,169.0,1,34,1,2,7,HighIOS,0.6618884801864624,0.8223279118537903,4.774953945001471,,,,0.20723693072795868,1.1203571557998657,6.030702977441251
121,215.0,2,51,2,1,5,HighIOS,,,,0.5515214204788208,0.8514754772186279,4.581319889324732,0.560772716999054,0.6706362366676331,3.9010341884568334
122,281.0,1,49,3,2,1,LowIOS,0.29060646891593933,1.1144862174987793,6.475294688949361,0.592439591884613,0.6810128092765808,3.6881951071554795,0.5962296724319458,0.8050275444984436,4.747700958279893
127,170.0,1,59,6,4,7,HighIOS,1.0,0.0,0.0,,,,,,
131,153.0,1,51,3,2,6,HighIOS,,,,,,,,,
132,296.0,2,58,4,1,2,LowIOS,0.9005693197250366,0.31146499514579773,1.7966836185660213,0.7958798408508301,0.4459153711795807,2.4055638056015596,0.5624093413352966,0.6948283314704895,3.967746903654188
134,248.0,2,51,1,1,1,LowIOS,,,,0.667425274848938,0.5917471647262573,3.258705490734428,0.6984786987304688,0.5498154163360596,3.120060868328437
135,147.0,2,46,2,1,3,LowIOS,,,,,,,,,
141,434.0,1,58,1,2,5,HighIOS,0.6607531309127808,0.5538275837898254,3.18734135851264,0.6681520938873291,0.4594991207122803,2.6198853796813637,0.40284469723701477,0.7052793502807617,3.9777655375073664
142,133.0,1,53,2,2,2,LowIOS,,,,,,,,,
143,147.0,2,27,1,1,6,HighIOS,0.3828343152999878,1.0127331018447876,5.8951234250562266,0.14663144946098328,1.1425166130065918,6.514698415383464,,,
144,185.0,1,42,3,2,3,LowIOS,,,,0.17959795892238617,1.1471691131591797,6.524848411907442,,,
145,537.0,1,58,4,2,2,LowIOS,,,,0.7104656100273132,0.505824089050293,2.900299993052613,,,
149,430.0,2,42,3,1,6,HighIOS,,,,,,,,,
151,139.0,1,41,1,2,7,HighIOS,,,,,,,,,
153,365.0,1,57,4,1,1,LowIOS,0.7507952451705933,0.5639433860778809,3.186159367673099,0.6722494959831238,0.4579382538795471,2.672369420994073,0.7156125903129578,0.45587635040283203,2.4804808899061754
154,485.0,1,51,3,2,1,LowIOS,0.615159809589386,0.6420804858207703,3.4728801626479253,0.6993814706802368,0.43825241923332214,2.5137471010384616,0.6849232912063599,0.43918707966804504,2.377106948144501
156,185.0,1,47,4,4,2,LowIOS,,,,,,,,,
161,670.0,2,45,1,1,3,LowIOS,0.3694358766078949,1.0257571935653687,5.766219889628701,0.17563632130622864,1.0743159055709839,6.392687490704702,,,
166,292.0,1,47,2,2,7,HighIOS,0.8440869450569153,0.37468037009239197,2.220127599721309,0.9016762375831604,0.5026655197143555,2.6778078718925826,0.7416923642158508,0.4202274978160858,2.482189055532217
167,396.0,1,52,1,2,3,LowIOS,,,,0.597371518611908,0.5435767769813538,3.236246018874226,0.5395122766494751,0.6758486032485962,3.818396734423004
169,298.0,2,52,3,1,3,LowIOS,0.7114444375038147,0.5278618931770325,3.150658593629487,0.9200034737586975,0.2501406669616699,1.45867508831725,0.7849847078323364,0.3999517261981964,2.3635603522416204
171,330.0,1,56,1,2,6,HighIOS,,,,0.7187514305114746,0.6089008450508118,3.6269212869228795,0.24279376864433289,0.762100875377655,4.290516382199712
172,575.0,2,53,2,1,6,HighIOS,,,,0.8503066897392273,0.2998879551887512,1.6040361269551795,0.6983253359794617,0.5461816191673279,3.2616177648305893
173,492.0,2,56,1,2,6,HighIOS,,,,0.8867806196212769,0.30983319878578186,1.6938251909450628,0.7649062871932983,0.6460994482040405,3.8929880104697077
175,134.0,2,43,2,1,2,LowIOS,,,,,,,,,
176,265.0,1,45,1,2,3,LowIOS,,,,0.8122249841690063,0.41152796149253845,2.3240482590626925,0.7210877537727356,0.63211989402771,3.31108999857679
178,76.0,2,39,6,2,3,LowIOS,,,,,,,,,
179,272.0,2,44,1,1,6,HighIOS,0.6975537538528442,0.5236566662788391,2.982633919134969,0.4628937244415283,0.655179500579834,3.6527795330403023,0.7171168923377991,0.572808563709259,3.1762987880501896
181,311.0,2,35,1,2,3,LowIOS,,,,,,,,,
182,180.0,1,54,2,2,6,HighIOS,,,,,,,,,
192,439.0,1,57,2,2,5,HighIOS,0.7327944040298462,0.46111345291137695,2.4950263198225002,0.2064017802476883,1.0271199941635132,5.806539842538768,0.5606944561004639,0.5797748565673828,3.2710724714561366
193,451.0,1,58,2,2,2,LowIOS,0.6715965867042542,0.654670774936676,3.81012323545292,0.6228693127632141,0.5689712762832642,3.4008999919169582,0.794865071773529,0.4721435308456421,2.6475637101830216
195,288.0,1,57,3,1,1,LowIOS,,,,,,,,,
196,216.0,1,51,3,2,5,HighIOS,,,,,,,0.7190621495246887,0.695845901966095,3.7936220458941534
198,255.0,2,39,3,1,2,LowIOS,0.6625502109527588,0.5999171733856201,3.491486981685739,0.5953598618507385,0.6602375507354736,3.593512408901006,0.6421400308609009,0.5295547246932983,2.916276406729594
200,212.0,1,54,3,2,3,LowIOS,0.28980177640914917,0.8539303541183472,5.0386718582885806,,,,0.423641175031662,0.7478293180465698,4.069206101587042
202,265.0,1,49,6,1,1,LowIOS,0.39364874362945557,0.886811375617981,5.261006284505129,0.40417253971099854,0.7111783027648926,3.980928361561382,0.7419543862342834,0.5532307624816895,3.2865109615959227
205,503.0,2,56,1,1,3,LowIOS,0.5063232779502869,0.7636974453926086,4.336569698527455,0.7729909420013428,0.42921745777130127,2.4145248769782484,0.8677862882614136,0.33717256784439087,1.922788247000426
206,220.0,2,54,1,1,1,LowIOS,,,,,,,0.6989037394523621,0.7332947850227356,4.318589394213632
214,171.0,2,32,5,1,6,HighIOS,0.7903578281402588,0.4744403660297394,2.739577801898122,0.8464540839195251,0.35355818271636963,1.9786690523615107,0.9744933247566223,0.11042197048664093,0.6225427578901872
217,163.0,1,53,1,2,7,HighIOS,,,,,,,,,
221,451.0,1,57,3,2,1,LowIOS,0.5894563794136047,0.7751669883728027,4.187340693548322,0.48870712518692017,1.0112298727035522,5.787270860746503,0.7528603672981262,0.5375964641571045,2.903009366535116
223,720.0,1,56,1,2,7,HighIOS,0.4798787534236908,0.79706871509552,4.378529586829245,0.8884093761444092,0.2818547487258911,1.6134782314766198,0.7896734476089478,0.3885660171508789,2.0993035114370286
225,234.0,2,51,3,1,1,LowIOS,,,,0.7595437169075012,0.6504791975021362,3.710349329863675,0.6360366344451904,0.7854385375976562,4.564429907593876
226,567.0,2,43,4,1,1,LowIOS,0.6648169755935669,0.5851902961730957,3.3803841044427827,0.9534391164779663,0.18684491515159607,1.0499279559589922,0.8564642667770386,0.3152179419994354,1.7406995758065023
229,541.0,1,57,4,1,2,LowIOS,0.7900738716125488,0.51568204164505,3.0467478334903717,0.7347694039344788,0.4695450961589813,2.659455707995221,0.5791274905204773,0.6123889684677124,3.60602012835443
231,156.0,1,50,3,1,2,LowIOS,0.9106262922286987,0.33210518956184387,1.911437333212234,0.5368444919586182,0.9624505639076233,5.682882076594979,0.7583082914352417,0.4912279546260834,2.7584018601337448
232,441.0,1,50,3,2,1,LowIOS,0.6252020001411438,0.8657922148704529,4.541358896531165,0.35138845443725586,1.0385878086090088,6.0723876632982865,0.7849122285842896,0.5114477276802063,3.0108162441756576
235,714.0,2,58,6,1,1,LowIOS,0.9171691536903381,0.3940209746360779,2.2058421204565093,0.30414533615112305,1.0442825555801392,6.162238914286718,0.35915249586105347,0.8655608892440796,4.7111932607367635
237,292.0,1,59,3,2,5,HighIOS,,,,,,,,,
238,370.0,1,48,3,2,1,LowIOS,0.8550077080726624,0.43099698424339294,2.5951947839930654,0.565805971622467,0.8279434442520142,4.977109959349036,0.6983969211578369,0.731977105140686,4.090104941016762
239,158.0,1,57,3,2,1,LowIOS,,,,,,,,,
243,268.0,1,54,2,2,6,HighIOS,0.6913725137710571,0.645090639591217,3.5583191725891083,0.3921639323234558,0.703020453453064,3.8380211601033807,0.8102846741676331,0.47873368859291077,2.698719655163586
244,828.0,1,32,2,1,3,LowIOS,,,,,,,,,
248,952.0,2,48,3,1,1,LowIOS,0.6330047845840454,0.5946841835975647,3.359978903143201,0.6418295502662659,0.5442447066307068,3.2349183679543785,0.6962302327156067,0.48648393154144287,2.9136647284030914
250,137.0,2,40,2,1,6,HighIOS,,,,0.5089108347892761,0.6901082992553711,4.053672147449106,,,
251,426.0,2,40,2,2,2,LowIOS,0.33631259202957153,0.8087952733039856,4.557200084906071,0.35925090312957764,0.64026939868927,3.6431333418004215,0.19964759051799774,0.917392373085022,5.368066715192981
254,275.0,1,49,1,2,7,HighIOS,0.6843560338020325,0.600939154624939,3.387442502891645,0.27825456857681274,1.0563842058181763,6.017166797537357,0.7984121441841125,0.6195516586303711,3.5824405757593922
255,238.0,1,50,1,2,2,LowIOS,,,,,,,,,
256,215.0,1,59,4,1,3,LowIOS,,,,,,,,,
259,300.0,2,49,1,1,1,LowIOS,0.4767548739910126,0.7563445568084717,4.370724588516168,0.7560904622077942,0.3707943260669708,2.0666122743859887,0.521116316318512,0.589103102684021,3.571049915481126
266,252.0,1,59,3,1,1,LowIOS,,,,,,,,,
267,746.0,1,43,3,2,3,LowIOS,0.5229029655456543,0.8538764715194702,5.124919845198747,0.7946472764015198,0.3537573516368866,2.0758277034619823,0.5601844191551208,0.5526304244995117,3.277058824431151
268,264.0,1,56,2,2,6,HighIOS,0.7268534898757935,0.6937554478645325,4.0972959676000755,0.3510591387748718,1.0129338502883911,5.745103879249655,0.2534244954586029,0.8773986101150513,5.126599086681381
269,358.0,2,43,2,1,6,HighIOS,,,,0.53438800573349,0.8453826904296875,4.860745612066239,,,
271,862.0,2,42,2,1,1,LowIOS,0.5105180144309998,0.8845924139022827,5.045024291146547,0.6279355883598328,0.4544309377670288,2.545264883316122,0.26041895151138306,0.6926326155662537,3.7638308617752045
273,212.0,1,52,3,2,1,LowIOS,,,,,,,,,
274,452.0,1,52,2,2,2,LowIOS,0.26188841462135315,1.0280526876449585,5.906427439243998,0.6904452443122864,0.4092915654182434,2.360920759878354,0.69362872838974,0.5480633974075317,3.3852911160647636
275,475.0,2,49,3,2,1,LowIOS,0.2184789925813675,1.1504981517791748,6.777652402757667,0.907538652420044,0.46076253056526184,2.306830048270058,,,
276,189.0,2,35,3,2,1,LowIOS,,,,,,,,,
277,319.0,1,56,3,1,1,LowIOS,,,,,,,,,
280,830.0,1,46,4,2,6,HighIOS,0.33737853169441223,1.0513639450073242,5.865351966203889,0.8478484749794006,0.3400997519493103,2.071815642993897,0.8835609555244446,0.351228266954422,2.0159881745057646
285,482.0,1,54,2,2,7,HighIOS,,,,1.0,4.942156195397729e-08,1.51805579662323e-07,,,
287,443.0,2,53,1,1,1,LowIOS,0.6863815784454346,0.5438134670257568,2.975009195099119,0.7192842960357666,0.4253150522708893,2.5132498065618165,0.8272982835769653,0.3295115530490875,1.934016198705649
290,328.0,1,45,3,2,1,LowIOS,,,,,,,,,
294,504.0,1,55,2,2,5,HighIOS,,,,,,,,,
299,231.0,1,44,3,1,1,LowIOS,,,,,,,,,
301,633.0,1,34,1,1,2,LowIOS,0.7625839114189148,0.42330706119537354,2.394032343174331,0.8548300862312317,0.281677782535553,1.6784159125527367,0.7445178627967834,0.41632938385009766,2.2424913675058633
303,194.0,2,46,2,2,2,LowIOS,,,,,,,,,
304,745.0,1,58,1,2,7,HighIOS,0.7174062728881836,0.580612301826477,3.3884278563782573,0.6849305033683777,0.5079967379570007,2.908202847233042,0.7995398640632629,0.42537713050842285,2.42201147810556
306,372.0,1,54,3,2,1,LowIOS,0.21919968724250793,0.9439667463302612,5.309301724657416,0.778390645980835,0.42702263593673706,2.494123200303875,0.7083413600921631,0.5330831408500671,3.1005749349897087
308,253.0,2,34,5,1,1,LowIOS,,,,0.560761034488678,0.5591993927955627,3.1812408135738224,0.1449902057647705,1.0472512245178223,6.192778472555801
309,430.0,2,41,2,2,2,LowIOS,0.8109906315803528,0.44439050555229187,2.631759184412658,0.7993173003196716,0.3885682225227356,2.1749162999913096,0.5657681226730347,0.5687140226364136,3.1858134833164513
310,393.0,1,33,3,2,2,LowIOS,0.6076381206512451,0.5956544876098633,3.392472449631896,0.8137892484664917,0.3429175913333893,1.967918670270592,0.8751121163368225,0.283979207277298,1.5968391597270966
311,306.0,2,25,3,2,1,LowIOS,1.0,0.0,0.0,0.7283132672309875,0.4925803542137146,2.758248232770711,0.8039413690567017,0.5947086215019226,3.4264991941163316
312,437.0,2,48,1,2,7,HighIOS,0.30041980743408203,1.0542612075805664,6.029570479062386,0.88450688123703,0.27861806750297546,1.5817083059810102,0.6323283314704895,0.5765318870544434,3.522359001915902
313,1135.0,2,30,1,1,7,HighIOS,,,,,,,,,
314,364.0,2,32,3,1,1,LowIOS,0.47068870067596436,0.8283416032791138,4.789710813056445,0.7342612743377686,0.47886520624160767,2.5725386335980147,0.5577573776245117,0.6605223417282104,3.8316347994550597
315,233.0,2,28,3,1,2,LowIOS,,,,,,,,,
316,172.0,1,59,6,1,1,LowIOS,,,,,,,,,
319,280.0,2,51,2,2,2,LowIOS,0.8284540772438049,0.560226559638977,3.1487167477607727,0.13064543902873993,1.1700894832611084,6.494010309688747,0.5990038514137268,0.8165740966796875,4.487226545345038
320,405.0,1,56,6,2,1,LowIOS,0.7910813093185425,0.5196617841720581,2.8547777024796233,0.8106995820999146,0.4259384274482727,2.406906383112073,0.6695346832275391,0.5674961805343628,3.22414382500574
321,474.0,2,27,1,2,7,HighIOS,0.3534342646598816,0.8131113648414612,4.636683365562931,0.8497026562690735,0.42785775661468506,2.4624977859202772,0.8690838813781738,0.32526475191116333,1.8283560865093023
322,169.0,1,43,2,2,5,HighIOS,0.7518373131752014,0.4904644787311554,2.8665830716490746,0.7422056198120117,0.4723455309867859,2.711608894984238,0.38603904843330383,0.7903537750244141,4.428180785966106
324,315.0,2,39,2,1,2,LowIOS,0.6536601185798645,0.8066138625144958,4.827479566796683,0.49934521317481995,0.7212552428245544,4.093934401724255,0.5862948298454285,0.7282832264900208,4.109223750419915
325,158.0,1,45,1,2,2,LowIOS,,,,,,,0.601341962814331,0.8251088261604309,4.757251645904034
329,289.0,2,36,4,4,2,LowIOS,0.5789703726768494,0.8463276028633118,4.792400024831295,0.09326360374689102,1.1115195751190186,6.344053871987853,0.3318248391151428,0.9256659150123596,5.315477272961289
333,976.0,2,56,1,2,3,LowIOS,0.8009690046310425,0.4430219829082489,2.4127167284023017,0.8291913270950317,0.30004385113716125,1.60172538459301,0.7707040309906006,0.46629250049591064,2.771893232653383
336,266.0,1,43,3,1,2,LowIOS,0.7556917667388916,0.537224292755127,3.0131869027391076,0.5572652816772461,0.6654946804046631,3.7667892548488453,0.5618433952331543,0.6866830587387085,4.107171841431409
338,315.0,1,57,4,2,6,HighIOS,,,,0.8712456226348877,0.37429872155189514,2.202235720702447,0.7770930528640747,0.5177356004714966,2.882032652152702
340,798.0,2,45,2,2,1,LowIOS,0.7892566323280334,0.44641199707984924,2.537764188920846,0.9171223640441895,0.22347989678382874,1.2798472015419975,0.7553949952125549,0.4237527847290039,2.4290888162795454
341,224.0,2,55,2,1,3,LowIOS,1.0000001192092896,2.107342389479072e-08,0.0,,,,,,
342,753.0,1,34,4,1,2,LowIOS,0.94456946849823,0.2660009562969208,1.4874230558634736,0.8613876700401306,0.2974565327167511,1.7543184667883907,0.6313369870185852,0.49098634719848633,2.8325137972133234
344,144.0,2,36,1,2,6,HighIOS,,,,,,,,,
349,793.0,1,55,2,1,6,HighIOS,0.6717394590377808,0.5382144451141357,2.9126386118587106,0.8800756335258484,0.2754715383052826,1.5754908204544336,0.6129880547523499,0.47315260767936707,2.6844875229580794
351,436.0,1,53,4,2,1,LowIOS,0.9199135899543762,0.293209969997406,1.6946928644902073,0.8921288251876831,0.3113247752189636,1.7216163175180554,0.8724189400672913,0.3106401860713959,1.8190158221405
352,200.0,2,35,3,1,2,LowIOS,,,,,,,,,
354,533.0,1,57,1,2,7,HighIOS,0.649999737739563,0.6706364750862122,3.820685779908672,0.7448986172676086,0.4240032732486725,2.369966690428555,0.6650980710983276,0.6230979561805725,3.715534161310643
355,194.0,2,50,1,1,6,HighIOS,,,,0.8010126948356628,0.59864741563797,3.4991600722423755,,,
356,454.0,2,57,3,2,2,LowIOS,0.37749141454696655,0.993988573551178,5.7976700640283525,0.7499164342880249,0.41134053468704224,2.268863119650632,0.7727099657058716,0.529928982257843,3.1205003759241663
359,495.0,2,58,2,1,6,HighIOS,0.14193683862686157,1.109908103942871,6.621626781765372,0.6471734642982483,0.4904843270778656,2.725395124522038,0.8901740908622742,0.2905275821685791,1.5952317842748016
362,183.0,2,59,3,1,2,LowIOS,,,,,,,,,
364,424.0,1,55,2,2,2,LowIOS,,,,0.7976582050323486,0.6080970168113708,3.616046790673863,,,
375,155.0,2,21,3,2,2,LowIOS,,,,0.5513566732406616,0.709734320640564,4.133114518132061,,,
382,119.0,2,38,4,2,1,LowIOS,,,,,,,,,
384,804.0,1,58,4,2,3,LowIOS,0.3611186146736145,0.9171334505081177,5.365004817955196,0.3725079596042633,0.7858965396881104,4.38597152242437,0.6324859857559204,0.6164913177490234,3.541985319694504
386,206.0,1,50,4,2,1,LowIOS,,,,,,,,,
389,294.0,2,44,1,1,7,HighIOS,0.7819048762321472,0.5279244184494019,3.1045127502584364,0.7816517353057861,0.39952075481414795,2.2906077278312296,0.6976214647293091,0.5892823934555054,3.606191860511899
391,273.0,2,32,1,1,7,HighIOS,0.25538554787635803,1.1190773248672485,6.769972854555817,0.9151481986045837,0.2799454927444458,1.5331415256368928,0.353944331407547,0.8233056664466858,4.834221668541431
392,315.0,2,54,4,1,1,LowIOS,0.27442091703414917,0.918819785118103,5.083219558000565,0.750174880027771,0.4120995104312897,2.3099721774924546,0.31994181871414185,1.0158514976501465,5.488377722678706
395,244.0,1,53,2,2,3,LowIOS,0.3101688325405121,0.97571861743927,5.439373492728919,0.7089630961418152,0.4225677251815796,2.3824104531668127,0.7354385256767273,0.5156022906303406,3.0295981531526195
397,261.0,1,58,2,2,5,HighIOS,,,,,,,,,
398,250.0,1,36,2,2,6,HighIOS,,,,0.6530205011367798,0.6647021770477295,3.558902254793793,0.5651492476463318,0.628895103931427,3.3299500603752676
399,259.0,2,49,1,1,3,LowIOS,,,,,,,,,
401,197.0,1,55,3,2,3,LowIOS,,,,,,,,,
402,154.0,2,45,5,1,1,LowIOS,,,,,,,,,
405,361.0,1,34,1,2,6,HighIOS,,,,,,,,,
406,349.0,1,43,1,2,7,HighIOS,0.6042318344116211,0.7043468356132507,3.850586391054094,0.7459051012992859,0.42484256625175476,2.3573681030684384,0.5266727209091187,0.6557554006576538,3.733015788573539
408,196.0,2,44,1,1,2,LowIOS,,,,0.8046813011169434,0.3393447697162628,2.042527939483989,0.8018513917922974,0.6028657555580139,3.478756232885644
411,307.0,1,49,3,2,5,HighIOS,0.7838770151138306,0.6209613680839539,3.602816521655768,0.7248992323875427,0.46631160378456116,2.5432075494900346,0.6160297989845276,0.49623435735702515,2.9237143595237285
415,427.0,1,35,5,2,6,HighIOS,,,,0.7491499781608582,0.46049806475639343,2.7022298722004052,0.7307403683662415,0.6845965385437012,3.70305684368941
418,354.0,2,53,2,1,7,HighIOS,,,,0.46489039063453674,0.7555184960365295,4.278145745778602,0.7120450139045715,0.5935016870498657,3.3413102966733277
419,360.0,1,55,2,1,2,LowIOS,,,,0.6046194434165955,0.4534396231174469,2.478023269388359,0.3648684620857239,0.9962181448936462,5.569326790980995
420,341.0,1,45,1,2,7,HighIOS,0.8077146410942078,0.4723110795021057,2.744182283640839,0.9423650503158569,0.3964281380176544,2.2461011256091297,0.6897889375686646,0.6356921195983887,3.3933765194378793
421,160.0,2,34,3,2,2,LowIOS,,,,,,,,,
422,262.0,1,59,3,1,3,LowIOS,0.7734091877937317,0.5550118684768677,3.21602549275849,0.6874140501022339,0.5735059976577759,3.2298436644487083,0.3927186131477356,0.7238912582397461,3.905057923751883
424,106.0,2,33,1,1,3,LowIOS,0.6967939138412476,0.5868655443191528,3.297389270621352,0.10298902541399002,1.1556159257888794,5.9825793884228915,0.12484422326087952,1.322993516921997,7.614663917338476
426,455.0,2,48,2,1,6,HighIOS,0.7214906811714172,0.5390244126319885,3.312375118242926,0.9563777446746826,0.20122087001800537,1.1621747311437503,0.8522828221321106,0.4319803714752197,2.403475325088948
428,198.0,1,39,1,2,5,HighIOS,,,,,,,,,
429,144.0,2,34,1,1,7,HighIOS,0.37131571769714355,0.9718863368034363,5.3835276258178055,,,,0.5559139251708984,0.859796404838562,4.99710852606222
432,709.0,1,50,1,2,6,HighIOS,0.7025666236877441,0.5187965035438538,3.0184456417919137,0.6453143954277039,0.5624638199806213,3.136712621548213,0.8117915391921997,0.3436381220817566,2.0001665621530265
433,460.0,1,39,1,2,6,HighIOS,0.6476292610168457,0.7700086832046509,4.382624872610904,0.9369558691978455,0.21783390641212463,1.2333883985411376,0.8415538668632507,0.3064385950565338,1.695442516822368
434,1372.0,2,51,1,1,7,HighIOS,0.5453618764877319,0.7119095921516418,4.027307605254464,0.893860399723053,0.35076889395713806,2.043248252593912,0.5827301144599915,0.7025875449180603,4.110098923556507
435,411.0,2,50,2,1,6,HighIOS,0.8590686917304993,0.37517136335372925,2.083381552598439,0.9252506494522095,0.22255750000476837,1.2699181162170134,0.8461003303527832,0.2857101857662201,1.582208210369572
436,174.0,2,37,1,2,7,HighIOS,0.29067155718803406,1.0542277097702026,6.032835077261552,0.14644092321395874,1.080394983291626,5.977225985610858,0.43798723816871643,0.9036024212837219,5.166212497279048
437,207.0,2,53,1,1,7,HighIOS,0.9402347803115845,0.2838742136955261,1.5989727883134037,,,,,,
440,132.0,1,37,1,2,6,HighIOS,1.0000001192092896,0.0,0.0,,,,0.9730814099311829,0.20172367990016937,1.1492959670722485
443,414.0,1,43,3,2,3,LowIOS,0.6680222749710083,0.6202229261398315,3.5256248051300645,,,,0.799186646938324,0.502509355545044,2.6730776340700686
444,208.0,2,44,4,2,5,HighIOS,0.4701310992240906,0.7783844470977783,4.545075997768436,0.6876285076141357,0.5253755450248718,2.946624563774094,0.6505574584007263,0.5402919054031372,2.919358449522406
445,391.0,2,37,6,2,1,LowIOS,0.6460432410240173,0.6656537055969238,3.596347577404231,0.6992160081863403,0.5052874684333801,2.8238871512003243,0.6412570476531982,0.6299960613250732,3.39172277351463
448,489.0,2,45,1,2,6,HighIOS,0.8004187345504761,0.4573289453983307,2.5344888605177402,0.5549526810646057,0.510419487953186,2.8130614142864943,0.543324887752533,0.577970027923584,3.3415835691121174
454,388.0,1,57,2,2,6,HighIOS,0.8081524968147278,0.44019192457199097,2.2359931722749025,0.8235195875167847,0.33805298805236816,1.9657626094995067,0.6715545058250427,0.4902874529361725,2.747442026855424
455,209.0,1,51,3,2,3,LowIOS,0.28868696093559265,1.042503833770752,6.2395717747858725,0.203477144241333,1.1956090927124023,6.200907093822025,,,
457,215.0,1,54,3,2,2,LowIOS,0.628901481628418,0.7338245511054993,4.270433954661712,0.4313557744026184,0.7479684948921204,4.232947498792782,0.10839992016553879,0.9580800533294678,5.733891125535592
459,188.0,2,39,3,1,2,LowIOS,,,,,,,,,
463,131.0,2,48,4,2,5,HighIOS,,,,,,,,,
465,252.0,1,51,3,2,5,HighIOS,0.7091001272201538,0.6186895370483398,3.4892521328292787,,,,0.45862993597984314,0.9267348051071167,5.392700730357319
466,416.0,2,51,1,2,3,LowIOS,,,,,,,,,
467,484.0,1,58,4,1,2,LowIOS,0.7237005829811096,0.545941948890686,3.0996317523531616,0.8547926545143127,0.3973449170589447,2.1872106000664644,0.484384149312973,0.6412686705589294,3.728025029955461
468,160.0,1,43,2,2,7,HighIOS,,,,,,,,,
471,320.0,1,52,2,2,3,LowIOS,0.8972388505935669,0.4626326858997345,2.5995774174516555,0.8009218573570251,0.40285637974739075,2.319969667260011,0.404950350522995,0.8209101557731628,4.657072910806164
472,209.0,1,34,1,1,7,HighIOS,0.15824274718761444,1.1761157512664795,6.443159983493388,0.7481308579444885,0.44807642698287964,2.3645117931300774,0.832882821559906,0.4004982113838196,2.3805529204400955
475,353.0,2,50,2,1,3,LowIOS,0.7203575372695923,0.5270519256591797,3.1528624110505916,0.7853704690933228,0.4136461913585663,2.248413330584299,0.8656073212623596,0.3690977096557617,2.1542332645040005
476,688.0,1,24,1,1,6,HighIOS,0.3486838936805725,1.0340802669525146,5.3282887325040065,0.7553409337997437,0.41404709219932556,2.4680460176896304,0.4556851387023926,0.7364654541015625,4.14505227364134
480,424.0,1,52,2,2,2,LowIOS,0.34148287773132324,1.030198574066162,5.887655466794968,0.252668172121048,0.9633006453514099,5.552038817084394,,,
481,353.0,1,59,1,2,6,HighIOS,,,,0.8082525134086609,0.3775137662887573,2.184900931781158,0.42237237095832825,0.7374518513679504,4.225865671283827
483,188.0,1,52,1,2,7,HighIOS,,,,,,,,,
484,258.0,2,32,2,1,6,HighIOS,,,,,,,,,
485,145.0,1,49,2,2,7,HighIOS,,,,,,,,,
486,304.0,1,53,3,2,5,HighIOS,,,,,,,,,
487,565.0,2,43,2,2,2,LowIOS,0.8431082963943481,0.3986700475215912,2.292086633387953,0.7624092102050781,0.41935092210769653,2.3795185614944785,0.3806588053703308,0.6866522431373596,3.962879218161106
489,242.0,1,44,1,2,6,HighIOS,0.8528342843055725,0.4701065719127655,2.584260935895145,0.8560083508491516,0.44798603653907776,2.6437648157589138,0.8657392263412476,0.3701646327972412,2.1365478802472353
493,284.0,1,57,4,2,6,HighIOS,0.2090439647436142,1.2577409744262695,7.232978125975933,0.8753038048744202,0.31379786133766174,1.8394295438192785,0.7622817754745483,0.4789890944957733,2.7435323843965307
494,386.0,1,59,2,2,2,LowIOS,,,,,,,,,
495,354.0,1,53,1,2,7,HighIOS,,,,,,,,,
496,698.0,2,49,1,1,7,HighIOS,0.6151716113090515,0.7026882767677307,3.937869737390429,0.8398202657699585,0.3328855633735657,1.9147567324107513,0.8121087551116943,0.44415900111198425,2.509072787943296
497,259.0,2,48,1,2,5,HighIOS,0.8327222466468811,0.43969962000846863,2.5396376056596637,0.6660167574882507,0.635570228099823,3.4837148892111145,0.342569500207901,0.7965520024299622,4.6086667238269
498,211.0,1,29,1,2,7,HighIOS,0.8249592781066895,0.4303446412086487,2.470320177730173,0.5931562185287476,0.552327573299408,3.0443536264356226,0.3576939105987549,0.9262862801551819,5.029662102257134
499,264.0,1,34,3,2,6,HighIOS,0.8950123190879822,0.33937740325927734,1.9623878002166748,0.7799913287162781,0.4179508686065674,2.4564206581562757,0.7496392726898193,0.4571900963783264,2.4939066156512126
502,283.0,2,53,1,1,7,HighIOS,,,,,,,,,
503,455.0,2,53,2,2,5,HighIOS,,,,0.5182420611381531,0.5842450261116028,2.9989156402880326,0.6412273645401001,0.6442760825157166,3.4468973126495257
504,207.0,1,55,2,2,6,HighIOS,0.8308936953544617,0.440987229347229,2.4797411920735613,0.7613034248352051,0.4256216585636139,2.4169746632687747,0.7455906867980957,0.4306917190551758,2.4495010241516866
505,532.0,2,36,1,1,6,HighIOS,,,,,,,,,
506,750.0,2,53,6,2,2,LowIOS,0.6989632844924927,0.5215964913368225,2.952888049003377,0.8467095494270325,0.3296380639076233,1.9073764770291746,0.7608587145805359,0.4545714259147644,2.5420710931066424
507,764.0,1,56,1,2,7,HighIOS,0.6179206371307373,0.558751106262207,3.1699061067192815,0.8699133396148682,0.2959468364715576,1.5482623428688385,0.7448132038116455,0.4544867277145386,2.6224354214500636
511,250.0,1,57,1,2,7,HighIOS,,,,,,,,,
512,345.0,1,59,1,2,7,HighIOS,,,,,,,,,
513,292.0,2,40,5,1,1,LowIOS,,,,0.7348412275314331,0.4459233283996582,2.564655036025215,0.8183500170707703,0.4758424460887909,2.396467271610163
514,253.0,2,58,2,2,6,HighIOS,0.8310279846191406,0.46102285385131836,2.554799906210974,,,,,,
516,193.0,2,57,6,1,1,LowIOS,,,,0.7914184331893921,0.4464503228664398,2.6620320733636618,0.5333294868469238,0.6893194913864136,4.025457266252488
518,1279.0,1,55,4,1,2,LowIOS,0.9646062850952148,0.18526825308799744,1.0500272610224783,0.9246203303337097,0.22966070473194122,1.3777511768275872,0.7880343794822693,0.3474511206150055,1.9295951465610415
521,1172.0,1,57,2,1,3,LowIOS,0.6232357621192932,0.7699488401412964,4.01802374701947,0.7285237312316895,0.38989412784576416,2.21837095124647,0.468203067779541,0.5631208419799805,3.205808551632799
522,91.0,2,40,2,1,5,HighIOS,,,,,,,1.0000001192092896,0.0,0.0
523,214.0,1,39,2,2,5,HighIOS,0.6588295698165894,0.7789380550384521,4.5826909187599085,0.4909667372703552,0.8852200508117676,4.881018008571118,,,
524,364.0,1,55,1,2,5,HighIOS,0.3352542221546173,1.0422935485839844,5.757178368861787,0.7977922558784485,0.46965160965919495,2.616175971692428,0.4046285152435303,0.8412328958511353,4.716394456801936
528,932.0,1,36,2,2,3,LowIOS,0.7615918517112732,0.407012939453125,2.458063744183164,0.913425624370575,0.24157077074050903,1.3837592953932472,0.854849636554718,0.28335195779800415,1.54679611872416
529,492.0,2,51,1,1,2,LowIOS,0.8373268246650696,0.39319291710853577,2.174679029325489,0.6858158111572266,0.7306665182113647,3.712768885976402,0.5644910335540771,0.592732310295105,3.34259725199081
532,272.0,1,51,5,2,1,LowIOS,,,,,,,,,
533,212.0,1,46,4,2,1,LowIOS,0.07629133015871048,0.9956790804862976,5.495541007025167,-0.01717601716518402,1.426307201385498,7.480733354110271,0.4666847288608551,0.6869941353797913,3.668496512575075
534,413.0,2,50,6,1,1,LowIOS,,,,,,,,,
536,437.0,1,48,1,2,6,HighIOS,,,,0.5741597414016724,0.5367830991744995,2.771803078940138,0.9155551791191101,0.35149726271629333,2.055267383577302
537,1381.0,1,56,1,4,7,HighIOS,0.7765029072761536,0.439094215631485,2.594379599671811,0.8243184685707092,0.33649787306785583,1.993583876057528,0.900485634803772,0.28438735008239746,1.5132566373104055
540,560.0,2,35,1,1,5,HighIOS,,,,0.39972516894340515,0.9430814981460571,5.364870127057657,0.48628878593444824,0.8661723136901855,4.990737504325807
541,148.0,1,48,3,2,5,HighIOS,,,,,,,,,
544,639.0,1,43,5,1,1,LowIOS,0.718830943107605,0.4916318655014038,2.954042599420063,0.856198787689209,0.29520800709724426,1.6389175536169205,0.826216995716095,0.3299897611141205,1.8667801074916497
549,478.0,1,57,1,2,5,HighIOS,0.7649871110916138,0.5233297348022461,3.0445476800668985,0.5816542506217957,0.43590110540390015,2.4434013040736318,,,
550,241.0,1,34,6,1,2,LowIOS,,,,0.3148166239261627,0.8780739903450012,5.143555055139586,0.5346174836158752,0.6153112649917603,3.505210400908254
552,354.0,1,43,6,1,1,LowIOS,0.18562956154346466,1.22445547580719,7.253978450491559,0.8121434450149536,0.4110870361328125,2.4118289849720895,0.9032140374183655,0.26466572284698486,1.5153073803521693
553,206.0,1,54,4,2,2,LowIOS,0.35236120223999023,1.0853396654129028,6.2517162673175335,0.2323986291885376,1.2390329837799072,7.025021297391504,0.03298475965857506,1.172152042388916,6.826664783759043
554,167.0,1,45,4,2,3,LowIOS,0.831133246421814,0.4181375503540039,2.359875565394759,0.3554583489894867,0.9481726288795471,5.32845356001053,0.7952225208282471,0.4927901327610016,2.6298886777367443
555,524.0,1,52,3,2,5,HighIOS,0.6933273673057556,0.49098503589630127,2.8484499126207083,0.8884057402610779,0.29921191930770874,1.7474129821639508,0.7590305805206299,0.45225486159324646,2.6188256317545893
556,292.0,2,54,4,1,3,LowIOS,,,,,,,,,
557,369.0,2,58,2,1,5,HighIOS,0.7549713253974915,0.5587478280067444,3.1563049706164747,0.722021222114563,0.46684136986732483,2.691959838033654,0.36471912264823914,1.0155751705169678,5.858370323505369
560,645.0,2,38,5,2,1,LowIOS,0.8325293064117432,0.39704838395118713,2.2312643192708492,0.734693169593811,0.4566328525543213,2.7023754212423228,0.6896206140518188,0.5382877588272095,3.117669226427097
563,297.0,1,52,4,2,5,HighIOS,0.6083559989929199,0.6237279176712036,3.5264233388006687,0.5349094867706299,0.702011227607727,4.0048695665127525,0.6677432060241699,0.6190726161003113,3.4403506458038464
565,808.0,2,58,5,1,1,LowIOS,0.662861168384552,0.6038901209831238,3.4644899411068764,0.8877131938934326,0.290088027715683,1.5527169154956937,0.8268646001815796,0.34560084342956543,1.9780575586482882
567,311.0,1,45,5,2,7,HighIOS,,,,0.5997828841209412,0.48133963346481323,2.7290379415499046,0.8679007887840271,0.3957678973674774,2.2854579782579094
569,720.0,2,39,2,1,5,HighIOS,0.6198062300682068,0.813962459564209,4.524501637555659,0.47714322805404663,0.9475501179695129,5.406467646360397,0.12763482332229614,1.189534306526184,6.790435061091557
571,618.0,2,53,5,1,1,LowIOS,0.6879838705062866,0.597735583782196,3.308276434894651,0.725662350654602,0.46436548233032227,2.7119064533617347,0.471116840839386,0.5388600826263428,2.8788735759444535
572,677.0,2,43,4,4,1,LowIOS,,,,,,,,,
574,416.0,2,36,4,1,3,LowIOS,0.6327971816062927,0.552445113658905,2.8977785769384354,0.8852102756500244,0.29339107871055603,1.6431013689143583,0.47995805740356445,0.6915842890739441,3.80970001174137
575,144.0,1,55,4,2,5,HighIOS,,,,0.9669637680053711,0.19453582167625427,1.0690115946345031,0.9999999403953552,1.825012141409843e-08,6.891787052154541e-08
576,132.0,1,31,4,2,6,HighIOS,0.29436445236206055,1.0617536306381226,6.370618767046835,0.5870319604873657,0.8102020025253296,4.464714504312724,0.629695475101471,0.860586404800415,4.854119271039963
577,2659.0,1,58,4,1,1,LowIOS,0.813081681728363,0.36509937047958374,2.158414044708479,0.783821702003479,0.34433892369270325,1.9809339188213926,0.8424089550971985,0.35672426223754883,2.050351547310129
578,844.0,1,51,4,1,1,LowIOS,0.9180399179458618,0.296019583940506,1.6323615121655166,0.840777575969696,0.3449007272720337,1.8662492830771953,0.8345586657524109,0.3379816710948944,1.9111467748880386
579,189.0,1,40,4,2,1,LowIOS,,,,,,,,,
582,790.0,2,31,1,2,5,HighIOS,,,,0.499336302280426,0.6504673957824707,3.5542044445173815,0.7079300284385681,0.7212088108062744,4.227415639601531
583,1046.0,1,52,1,2,7,HighIOS,,,,0.8429009318351746,0.38732805848121643,2.1659799681510776,0.6442970633506775,0.6057904958724976,3.4083671903063077
584,502.0,2,57,4,1,1,LowIOS,0.5745253562927246,0.7430518269538879,4.188484366983175,0.728060245513916,0.6627801060676575,3.9592504663742147,0.4123079776763916,0.8385525941848755,4.4369929462554865
587,1003.0,2,54,2,2,5,HighIOS,0.8322232365608215,0.43990957736968994,2.4203252026054543,0.8387177586555481,0.3535322844982147,2.0496950437081978,0.8261061906814575,0.30153149366378784,1.7415752484157565
589,1419.0,2,28,4,2,3,LowIOS,0.7364649176597595,0.6765007376670837,3.897847615124192,0.39182519912719727,0.9313160181045532,5.143075654748827,0.23504133522510529,1.158787488937378,6.776124196592718
590,999.0,2,54,4,1,5,HighIOS,0.646820604801178,0.5847036838531494,3.3140627924585715,0.8646931052207947,0.31217968463897705,1.8818329697824083,0.7652851939201355,0.4172162711620331,2.2926784152223263
591,1239.0,2,54,1,1,7,HighIOS,0.7627093195915222,0.4146583378314972,2.2804351555241738,0.8497825860977173,0.32406195998191833,1.8159840243170038,0.8928321003913879,0.24312418699264526,1.3143881901632994
592,731.0,1,42,6,4,1,LowIOS,0.5069116353988647,0.8799077272415161,5.213906341319671,0.6636179089546204,0.4962361454963684,2.8754132967733312,0.8308342695236206,0.41240084171295166,2.220601931330748
594,2481.0,2,55,2,2,2,LowIOS,0.8067893981933594,0.3817836344242096,2.305807315511629,0.9626211524009705,0.12980128824710846,0.7479099287156714,0.723571240901947,0.36440566182136536,2.133051054319367
596,1147.0,1,56,6,4,1,LowIOS,0.5751088261604309,0.8185590505599976,4.946498416335089,0.6378074884414673,0.6144316792488098,3.474357956671156,0.7984551787376404,0.37243369221687317,1.9749967854004353
597,185.0,2,51,4,4,2,LowIOS,,,,,,,,,
598,140.0,2,52,4,1,2,LowIOS,,,,,,,,,
601,1862.0,1,51,1,2,7,HighIOS,0.5708877444267273,0.7046408653259277,4.2340356598142534,0.9163838028907776,0.2248193323612213,1.3062104851123877,0.7076793313026428,0.4435409605503082,2.5255230825860053
606,1793.0,1,44,2,2,5,HighIOS,0.49685776233673096,0.613777756690979,3.424027520697564,0.8224006295204163,0.300089567899704,1.6042460693861358,0.8730788826942444,0.27661290764808655,1.5134824863052927
608,554.0,2,56,4,1,7,HighIOS,0.4246549904346466,0.8163138031959534,4.710684351855889,0.8923518061637878,0.27882298827171326,1.6671530732419342,0.9270644187927246,0.30285516381263733,1.6826698791410308
609,767.0,1,50,4,2,3,LowIOS,0.5849655866622925,0.6428805589675903,3.7927710271906108,0.9047284126281738,0.21902793645858765,1.2540323482826352,0.7741743922233582,0.3546404242515564,2.0236471123062074
613,2185.0,1,29,2,1,6,HighIOS,,,,0.2751062512397766,1.00580894947052,5.650769885745831,,,
614,228.0,2,35,5,1,6,HighIOS,,,,0.21959730982780457,0.9691064953804016,5.844805843196809,0.7262755632400513,0.6874849796295166,3.868247168371454
615,2499.0,2,54,1,1,5,HighIOS,,,,,,,,,
622,89.0,1,39,6,4,7,HighIOS,1.0,4.214684778958144e-08,1.1874362826347351e-07,0.986862301826477,0.17461435496807098,0.9456025413237512,,,
623,366.0,2,59,6,1,7,HighIOS,,,,,,,,,
625,290.0,2,38,4,1,6,HighIOS,0.7296085357666016,0.642278254032135,3.7708632606081665,0.7525331974029541,0.38897502422332764,2.1614875640370883,0.8266733288764954,0.39023125171661377,2.1769230233767303
630,1180.0,2,59,6,2,3,LowIOS,0.8854324221611023,0.29567426443099976,1.7795500271604396,0.9317131042480469,0.19996385276317596,1.0676388072315603,0.8514673113822937,0.32532793283462524,1.9139245428377762
631,1998.0,2,47,4,1,3,LowIOS,0.9562057852745056,0.17348243296146393,1.0197521334921475,0.9504596590995789,0.17746460437774658,0.9869877825440199,0.9330124258995056,0.18998107314109802,1.0398753131157719
633,600.0,2,57,4,2,2,LowIOS,,,,0.6330648064613342,0.4960794150829315,2.9617160362249706,0.7564082741737366,0.5453959703445435,2.9123569222865626
634,612.0,1,58,4,2,5,HighIOS,,,,,,,,,
635,487.0,2,59,4,2,2,LowIOS,0.2681286633014679,1.0629888772964478,6.226175501476973,0.37777242064476013,0.9481043219566345,5.049022564315237,0.2921762764453888,1.0158796310424805,5.882233765441924
636,645.0,1,53,4,2,3,LowIOS,0.6958155632019043,0.6257094144821167,3.610776036279276,0.7126250267028809,0.4818854331970215,2.7296132516639773,0.6179353594779968,0.5653324127197266,3.050574129447341
637,120.0,2,40,5,2,3,LowIOS,,,,0.6887218356132507,0.4823222756385803,2.835003980762849,,,
641,5847.0,2,49,2,1,2,LowIOS,0.8053134083747864,0.4505354166030884,2.5728214422706515,0.9106797575950623,0.23159603774547577,1.2977519683918217,0.9190420508384705,0.2505970001220703,1.4532984517281875
643,3652.0,2,59,4,2,3,LowIOS,0.5055054426193237,0.9008179306983948,5.085016213939525,,,,0.7349013090133667,0.46027013659477234,2.612801803392358
645,167.0,1,41,4,1,3,LowIOS,0.97469562292099,0.18947581946849823,1.1371726202778518,0.9572822451591492,0.2274240106344223,1.2948255690571386,0.7308385968208313,0.567555844783783,3.336062081390992
647,185.0,1,34,4,1,3,LowIOS,,,,0.6351409554481506,0.5468463897705078,2.9438070034375414,0.37498724460601807,0.9910680651664734,5.447889661183581
650,106.0,2,30,6,2,7,HighIOS,,,,,,,,,
654,437.0,2,47,4,1,3,LowIOS,,,,0.5459050536155701,0.8153364658355713,4.589944656006992,0.5177351832389832,0.6820247769355774,3.9915708207990974
657,483.0,1,46,4,2,3,LowIOS,,,,0.7791321277618408,0.3473123610019684,2.039081675815396,0.7948793768882751,0.40341830253601074,2.3258027033880353
659,1110.0,1,58,4,2,3,LowIOS,0.8843588829040527,0.3877638876438141,2.3245379019062966,0.7828782796859741,0.30634307861328125,1.7750524440780282,0.8452945947647095,0.3257128596305847,1.8064866194181377
660,396.0,1,47,5,2,2,LowIOS,,,,,,,,,
662,524.0,1,59,5,1,5,HighIOS,0.7320888638496399,0.5406240820884705,3.032302112900652,0.25972333550453186,0.7679064273834229,4.4602850610390306,0.8699787855148315,0.3284355401992798,1.8924403576529585
664,215.0,1,46,4,1,2,LowIOS,0.4961506128311157,0.8377981781959534,4.580137707758695,0.43554121255874634,0.9028465151786804,5.068283424945548,0.690248966217041,0.5547669529914856,3.199156045448035
671,809.0,1,57,4,2,3,LowIOS,0.5842165946960449,0.6125732064247131,3.5740240942686796,0.874967634677887,0.24455037713050842,1.3752694020513445,0.5837461948394775,0.5490288138389587,3.3268519763369113
674,1601.0,2,48,4,1,2,LowIOS,,,,,,,,,
675,148.0,1,38,4,1,2,LowIOS,,,,,,,,,
676,212.0,4,56,6,4,7,HighIOS,,,,,,,,,
677,932.0,1,53,4,2,7,HighIOS,,,,,,,,,
684,247.0,1,50,4,1,7,HighIOS,0.6942444443702698,0.7819918990135193,4.410149473420461,,,,,,
686,8932.0,2,53,1,1,5,HighIOS,,,,0.5183593034744263,0.580324649810791,3.1237387182191014,0.5569247007369995,0.5891578197479248,3.4237365645822138
689,386.0,2,51,4,1,3,LowIOS,0.7902826070785522,0.44912147521972656,2.615677470341325,0.5526904463768005,0.5551564693450928,3.151291578891687,0.7301421165466309,0.42376983165740967,2.4523437095049303
691,98.0,2,30,5,3,5,HighIOS,,,,,,,,,
694,618.0,1,55,4,1,7,HighIOS,0.828363299369812,0.5654513835906982,3.294591416080948,0.7125290036201477,0.47320687770843506,2.628798968245974,0.543937087059021,0.7816725373268127,4.381522075418616
695,353.0,1,51,4,2,2,LowIOS,0.22854867577552795,1.2421363592147827,6.794894463615492,0.7535544633865356,0.4743155837059021,2.691237343940884,0.40336737036705017,0.9975849986076355,5.764617001477745
696,798.0,2,58,4,1,7,HighIOS,0.4886147677898407,0.7616325616836548,4.3092925619275775,0.9098699688911438,0.26605677604675293,1.5147021657903679,0.7706877589225769,0.47053807973861694,2.7875376300653443
699,1003.0,2,41,5,2,2,LowIOS,0.29892614483833313,1.028983473777771,5.893988880969118,0.9193331599235535,0.24616844952106476,1.3941022788640112,0.9293829798698425,0.25441089272499084,1.4517756323330104
700,752.0,1,41,4,2,2,LowIOS,0.6051539182662964,0.8084203004837036,4.505903022130951,0.8628581762313843,0.33381959795951843,1.9224688717222307,0.7109150290489197,0.5630311965942383,3.2863285049097613
702,126.0,2,59,4,3,2,LowIOS,,,,,,,,,
705,298.0,1,44,4,1,2,LowIOS,1.0000001192092896,0.0,0.0,,,,,,
713,308.0,2,49,5,1,3,LowIOS,0.6207135915756226,0.5956477522850037,3.3874510806053877,0.7993955016136169,0.414144903421402,2.314933457178995,0.8094351291656494,0.39361104369163513,2.310023993719369
714,2807.0,1,54,5,1,2,LowIOS,,,,,,,,,
716,215.0,2,54,4,1,3,LowIOS,0.6617807149887085,0.7198182344436646,4.402516392059624,0.8509637713432312,0.38562583923339844,2.203640718362294,0.6547415256500244,0.5173652768135071,2.923630670600687
718,373.0,1,52,6,1,2,LowIOS,,,,,,,,,
725,88.0,2,41,4,1,2,LowIOS,,,,,,,,,
726,130.0,1,45,4,1,5,HighIOS,,,,,,,,,
732,100.0,2,57,5,2,5,HighIOS,,,,,,,,,
736,283.0,2,58,5,2,5,HighIOS,,,,,,,,,
738,218.0,1,50,4,2,2,LowIOS,,,,,,,,,
740,91.0,4,41,6,4,7,HighIOS,1.0,0.0,0.0,,,,0.9999998807907104,0.0,0.0
742,843.0,1,58,4,2,3,LowIOS,0.3950529098510742,0.8514589667320251,4.651182738831267,0.5174311399459839,0.8560221195220947,4.551136431458872,0.5204237699508667,0.7558743357658386,4.319102925888728
745,1216.0,2,30,4,2,5,HighIOS,,,,,,,,,
747,201.0,1,45,4,2,5,HighIOS,0.23798920214176178,1.2062016725540161,6.8662037453614175,0.20597395300865173,1.2601794004440308,7.0856259483261965,,,
749,574.0,2,53,4,1,2,LowIOS,0.667822003364563,0.5919672846794128,3.5738355283101555,0.8288320899009705,0.33500441908836365,1.9709334364160895,0.6123304963111877,0.5288089513778687,3.0817644632188603
766,839.0,1,55,4,2,2,LowIOS,0.44537776708602905,0.8454960584640503,4.730725681874901,0.46327099204063416,0.8886791467666626,5.031912418140564,0.5795233249664307,0.814961314201355,4.43458217458101
767,241.0,1,34,4,1,3,LowIOS,,,,,,,,,
768,413.0,2,56,5,1,7,HighIOS,1.0,4.214684778958144e-08,1.2619420886039734e-07,,,,,,
774,111.0,1,31,4,1,2,LowIOS,,,,,,,,,
778,508.0,2,54,4,1,5,HighIOS,0.3867139518260956,1.1075072288513184,6.106772308878135,0.6553497314453125,0.6634699106216431,3.694528386811726,0.4956608712673187,0.7804580926895142,4.616868807468563
779,134.0,2,30,4,2,5,HighIOS,,,,,,,,,
784,447.0,1,57,4,2,2,LowIOS,0.648955225944519,0.6713894009590149,3.6354629900015425,0.5936020016670227,0.5478119850158691,3.099933667341247,0.6589273810386658,0.3846917152404785,2.0993222999968566
788,26925.0,1,56,1,2,6,HighIOS,0.4352882504463196,0.7555508613586426,4.412465531146154,0.4697571098804474,0.7010748982429504,4.0904558673501015,0.6989895105361938,0.4813540577888489,2.7847771998494864
789,428.0,2,24,4,2,2,LowIOS,0.4918150305747986,0.7756146788597107,4.491053802426904,0.6978567242622375,0.5260155200958252,2.8880595638474915,0.676911473274231,0.5065049529075623,2.8934913515113294
790,2254.0,2,37,6,4,7,HighIOS,0.3721778094768524,1.0502636432647705,6.0197492516599596,0.7832268476486206,0.6314529180526733,3.6551307704648934,,,
792,22147.0,1,59,4,2,3,LowIOS,0.17740924656391144,1.1872755289077759,6.571413207100704,0.4540700316429138,0.6970105767250061,3.9437852152623236,0.6186569929122925,0.6487033367156982,3.702198729617521
795,222.0,2,48,5,2,5,HighIOS,0.4152398705482483,0.9109156727790833,4.99641756573692,0.5778243541717529,0.6849803924560547,3.97626860672608,0.8289299011230469,0.45082956552505493,2.531547189151752
798,298.0,2,56,5,1,2,LowIOS,,,,0.658877432346344,0.5366613864898682,3.0792914796620607,0.5914750695228577,0.6294492483139038,3.818721470888704
800,513.0,2,54,5,2,3,LowIOS,0.7875056266784668,0.4460206925868988,2.532927670807112,0.6007899641990662,0.697782576084137,3.9848533832700923,0.7098118662834167,0.531864583492279,2.956369890831411
805,275.0,2,37,4,1,6,HighIOS,0.8368644118309021,0.40794339776039124,2.3884648428065702,0.5894050598144531,0.5522491931915283,3.1569003697659355,0.5958542823791504,0.5200654864311218,2.9461072414414957
806,110.0,1,48,4,1,3,LowIOS,,,,,,,0.2973189353942871,1.1854796409606934,6.677045340300538
808,4155.0,1,56,4,1,5,HighIOS,,,,-0.04572660103440285,1.1895556449890137,6.652372959535569,0.4041801691055298,0.9204438328742981,5.2997533143498
810,651.0,2,56,4,2,5,HighIOS,0.07665830850601196,1.3589273691177368,7.929658041743096,0.6624488234519958,0.5453827977180481,3.219792645359121,0.6940059065818787,0.5591822266578674,3.033920504967682
815,210.0,2,38,5,2,3,LowIOS,,,,0.6793695688247681,0.6254640221595764,3.5519423497025855,0.5757325887680054,0.821254312992096,4.534511534264311
818,1366.0,1,51,4,2,5,HighIOS,0.8214828372001648,0.5719834566116333,3.251539330172818,0.8432554602622986,0.3360790014266968,2.092847346328199,0.6909364461898804,0.3986611068248749,2.3227591047125316
820,258.0,2,47,4,1,3,LowIOS,0.7329651713371277,0.5233615040779114,2.9358482440002263,0.7990049719810486,0.39256638288497925,2.268645019357791,0.633967399597168,0.5574725270271301,3.05711428867653
822,137.0,1,49,4,1,5,HighIOS,1.0,4.214684778958144e-08,1.2619420886039734e-07,,,,,,
825,563.0,2,42,4,2,6,HighIOS,,,,,,,,,
826,21044.0,2,55,5,2,7,HighIOS,,,,,,,,,
829,72146.0,1,58,2,1,5,HighIOS,,,,,,,,,
830,55495.0,2,44,4,3,6,HighIOS,0.4639934301376343,0.9369518160820007,5.444646444171667,0.7788721323013306,0.642998456954956,3.7580249884631485,,,
833,165.0,1,40,6,2,7,HighIOS,,,,,,,,,
836,436.0,2,56,4,1,6,HighIOS,0.8997970223426819,0.34152743220329285,1.8976633520796895,0.5302801728248596,0.6983299851417542,4.233994074741531,0.7679919600486755,0.33643463253974915,1.9517493513412774
837,142.0,2,32,4,2,7,HighIOS,0.7598586678504944,0.650088369846344,3.8394039513805183,0.6132686138153076,0.8074249029159546,4.6058901499491185,1.0000001192092896,0.0,0.0
840,530.0,1,56,4,1,5,HighIOS,,,,,,,,,
841,242.0,1,54,4,2,7,HighIOS,,,,1.0,4.942156195397729e-08,1.51805579662323e-07,,,
844,251.0,4,23,4,3,5,HighIOS,,,,,,,,,
846,324.0,2,47,5,1,6,HighIOS,0.7390671968460083,0.722402811050415,4.315450213034637,0.5905076265335083,0.6901916861534119,3.8514694998739287,0.2494278997182846,1.0456500053405762,5.778642987832427
848,134.0,2,31,4,1,5,HighIOS,,,,,,,,,
851,115.0,2,34,6,4,7,HighIOS,,,,,,,,,
852,155.0,1,38,6,1,6,HighIOS,,,,,,,,,
854,89172.0,2,51,6,2,7,HighIOS,0.35803115367889404,1.1331098079681396,6.264152994554024,0.7160265445709229,0.6161441206932068,3.4863966949051246,0.1742616891860962,1.1154953241348267,5.955234321590979
859,609.0,2,55,4,1,7,HighIOS,0.7725206017494202,0.4393218159675598,2.6289801874008845,0.8695023059844971,0.30017244815826416,1.7048567271558568,0.8407714366912842,0.3359795808792114,1.8432139513315633
860,223.0,1,49,4,2,6,HighIOS,0.5843006372451782,0.7223995327949524,4.30663476214977,0.6883031725883484,0.5656296014785767,3.289132061880082,0.3192810118198395,0.8064908981323242,4.458498836611398
862,406.0,1,44,4,2,6,HighIOS,0.6320703029632568,0.6896858215332031,4.038843265967444,0.7687209844589233,0.4199773073196411,2.3985027638918837,0.7157039642333984,0.5034364461898804,2.828748114290647
864,235.0,2,56,4,1,6,HighIOS,,,,,,,0.045521605759859085,1.2900124788284302,7.300808315281756
865,109.0,1,38,6,2,7,HighIOS,,,,,,,1.0,0.0,0.0
867,560.0,2,50,6,2,7,HighIOS,,,,,,,,,
868,227706.0,1,41,5,1,5,HighIOS,,,,,,,,,
869,576.0,1,31,4,2,5,HighIOS,,,,,,,0.8054220080375671,0.5453875064849854,3.056377630215138
870,252.0,2,46,4,1,5,HighIOS,0.6421644687652588,0.5950447916984558,3.1934388482477516,0.9063592553138733,0.2700572609901428,1.605663743801415,0.6507522463798523,0.49809178709983826,2.858291334752721
872,127.0,2,42,4,1,7,HighIOS,1.0000001192092896,0.0,0.0,,,,1.0000001192092896,0.0,0.0
883,187.0,2,21,5,2,5,HighIOS,0.774334192276001,0.6327769160270691,3.600210717995651,,,,,,
885,101.0,2,36,6,2,6,HighIOS,,,,,,,,,
886,915.0,1,53,4,2,5,HighIOS,0.5183863639831543,0.6867321133613586,3.961726125329733,0.6872484087944031,0.43430089950561523,2.6191242221393622,0.856939435005188,0.3099602162837982,1.8464838543150108
892,197.0,1,51,5,1,6,HighIOS,,,,,,,,,
898,124.0,1,45,6,1,7,HighIOS,,,,,,,,,
899,111.0,1,42,5,1,6,HighIOS,,,,,,,,,
903,140.0,1,54,4,1,6,HighIOS,,,,0.33553069829940796,1.1527960300445557,6.527854378509801,,,
904,743.0,2,40,5,2,6,HighIOS,,,,,,,,,
906,99.0,1,58,6,4,7,HighIOS,,,,,,,,,
908,143.0,2,41,4,1,6,HighIOS,,,,,,,,,
909,609.0,2,42,4,1,7,HighIOS,0.30843645334243774,1.0594875812530518,6.447077147604432,,,,0.6447673439979553,0.8428910374641418,4.910655263112858
913,208.0,1,48,4,2,6,HighIOS,0.9397591352462769,0.2858949899673462,1.5832702238112688,1.0000001192092896,2.107342389479072e-08,0.0,0.6649690866470337,0.6673165559768677,3.861906761303544
917,31866.0,1,57,5,1,5,HighIOS,0.8917422890663147,0.33302444219589233,1.8771292170276865,0.8801761865615845,0.40186983346939087,2.259539056045469,0.8475779294967651,0.37853577733039856,2.1312318600248545
918,2657.0,2,42,5,2,6,HighIOS,0.8186885714530945,0.4274957776069641,2.2836483702994883,0.8508201837539673,0.26544010639190674,1.461582506308332,0.7935253381729126,0.36503514647483826,2.078402366139926
919,142.0,1,55,5,2,6,HighIOS,1.0000001192092896,0.0,0.0,,,,1.0000001192092896,0.0,0.0
920,256.0,2,43,4,1,6,HighIOS,0.812282145023346,0.4143722653388977,2.386340968660079,0.7900565266609192,0.5380923748016357,2.7046438879333436,0.47912535071372986,0.6977193355560303,3.8438214336056262
921,160.0,2,26,6,1,6,HighIOS,,,,0.17567956447601318,0.734530508518219,4.027781783603132,0.2769923210144043,0.8239651918411255,4.599917891435325
922,136.0,1,54,4,2,6,HighIOS,1.0000001192092896,2.5809567816281742e-08,5.9138983488082886e-08,,,,0.5289013385772705,0.8487890958786011,4.909686134313233
923,629.0,1,55,6,1,6,HighIOS,0.9673295021057129,0.17029103636741638,0.977742007933557,,,,0.9263539910316467,0.3155442178249359,1.8575009900378063
924,744.0,2,46,4,2,6,HighIOS,0.927221953868866,0.22498781979084015,1.2613467000192031,0.8244096636772156,0.3942478895187378,2.121796201216057,0.838555634021759,0.3323286771774292,1.827038200935931
