MID,Adj_self,Verb_self,Noun_self,Adj_target,Verb_target,Noun_target
2,[],['回答'],['梨'],[],[],[]
5,[],"['見る', '言う']",['文句'],"['悪い', 'ない']","['見かける', '見る', '言う', '見る', '許す', '反応']","['愛想', '文句']"
7,"['直ぐ', '慎重']","['許す', '聞く', '仕事', 'なる', '落とす', '進める', '飲む', '嫌う']","['人', '道', '休暇', '気', 'たま', '物', '物事']","['直ぐ', '優しい', '真面目', '勤勉', '大人しい', '好き']","['怒る', '許す', 'する']",['インドア']
8,[],[],['かし'],[],[],['ふつう']
11,"['普通', 'ない']","['いう', '守る', '排除', 'する']","['人', '社交', '他者']",[],[],[]
13,[],[],[],[],[],[]
27,[],"['逃げる', '考える', '踏む', '動く', 'する', '触れ合う', '疲れる']","['自分', '他人', '愛想', '二の足', '何', '人']","['ない', '詳しい', '元気']","['話', 'する', '合わせる', '知る', '話す', 'もらえる', '話す', '疲れる']","['自分', '自分', 'そこ', '付き合い']"
28,[],"['知る', '知る']",[],[],"['知る', '知る']",[]
31,[],[],['わり'],[],[],['わり']
36,"['無表情', '真面目', '平気']","['交流', 'する']",['人'],['多い'],[],['付き合い']
40,['慎重'],"['いえる', '感じる', 'ある', '思う']","['何', 'そこそこ', 'かなり', 'これ', '中間', '中間']",[],"['感じる', 'ある', 'かんじる', 'ある']",[]
41,"['普通', '普通', '普通', '普通', '普通']",[],['人並み'],"['普通', '普通', '普通', '普通']","['話す', '話す']",[]
42,['やさしい'],['怒る'],"['人', 'あまり']",[],[],[]
44,['寛容'],"['考える', '行動', 'する', 'チャレンジ']",[],"['寛容', '多い', '明るい']",['ミス'],[]
47,"['正確', '簡単', '難しい', 'ない']","['離れる', 'はなしかける', '知る', '約束', 'まもる', '行動', 'うつす', 'あく', '考える', 'いける', 'つたえる']","['理想', '人', '自分', '自分', '気持ち']","['可愛い', '真面目', 'やさしい']","['考える', '考える', '知る', '話しかける']","['自分', '家族', '笑顔', '天然', '相手', '人', '人']"
51,[],[],[],[],[],[]
52,['普通'],"['立つ', '思う']","['ストレス', '腹']",[],[],[]
64,"['迷惑', '面倒', '多い']","['する', '変える', 'かける', 'する', '生活', 'する', '回避', 'する', '見る', '話しかける', 'する']","['怒り', '態度', '人', '人', 'わり']","['よい', '少い']","['怒る', '仕事', '考える', '行動', 'する', '話しかける', 'する']","['あまり', '愛想', '取り組み', '自分']"
65,[],[],['愛想'],[],[],[]
66,"['明るい', '不安', '明るい']","['許す', 'こなす', '相談', 'する', 'やる', 'やる', '話せる']","['大抵', '社交', '役割', '家族', '初対面', '人']","['自由', '穏やか', '穏やか']","['する', 'たつ', '考える', '行動', 'する', '実行', 'する', '打ち解ける']","['人当たり', '矢面', '誰']"
73,[],[],[],['邪険'],"['疲れる', '話しかける', 'する', '近付く', 'みる']","['人物', '疑い', '目']"
75,[],[],[],[],[],[]
76,['ない'],[],['なん'],[],[],[]
78,"['普通', '多い', '大好き']","['思う', 'なれる', 'やる', '出る', 'する', '話せる']","['最初', '音楽', '人前', '誰', '最初', 'わり']","['普通', '非常', '胡散臭い', '暗い']","['否定', 'する', 'しれる', '叩く', '割る']","['世間', '一般', '家族', '嘘つき', '石橋', 'タイプ', '根']"
79,[],"['やる', '終了', 'しる', 'しる']",[],['しつこい'],"['しる', 'やる']",['いつ']
80,['面倒'],"['やる', 'はやる', '思う', 'やる']",[],[],[],[]
81,"['激しい', '激しい', '面倒']",['起こす'],"['好き嫌い', '好き嫌い']",[],[],[]
83,[],"['回答', '回答', '回答', '回答', '回答', '回答']",[],[],"['回答', '回答', '回答', '回答', '回答', '回答']",[]
85,"['すごい', 'いい', '明るい']","['怒る', '言う', 'やる', '見せる', '信じる']","['文句', '外面', '警察', '手帳', '本物', '物事', '取りえ']","['おろそか', '静か', '物静か']","['言う', 'する', 'たたく', '壊す', '落ち着く']","['専業', '主婦', '家事', '文句', '人', '最高', '石橋', 'タイプ']"
89,['低い'],"['負う', 'する', '思い立つ', '行動', 'する', 'ある', '目立つ', 'する']","['沸点', '責任', '人見知り', '人見知り']",[],"['感じる', '接す', '決める', 'する', 'ある']","['誰', '思いつき']"
91,[],['果たす'],['責任'],"['いや', '良い', 'よい', '多い']","['仕事', '引き受ける', '仕事', 'する', '仕事', 'する']","['笑顔', '町内', '知り合い']"
92,[],"['する', '赦す', '弁える', '出来る', '努力', 'する']","['悪人', '改', '道理', '好奇']",[],[],[]
97,"['ない', 'ない', 'かるい', 'ない', 'ない', '少ない']",[],"['そこ', 'そこ', 'そこ', '友達']","['よい', '良い', 'よい', '多い']","['変わる', '結婚', 'する']","['げん', '愛想', '調子', 'つきあい', '友達']"
98,"['誠実', '真面目', '新しい']","['失敗', '許せる', 'ある', '言う', '約束', 'する', '守る', '考える', '発言', 'する', '間違える', 'ある', 'やる', '話す', 'する', '飲む', '行く', '誘う']","['人', '遊び']","['明るい', 'おもしろい', 'ない', '上手', '上手']","['する', '発言', 'する', '酔う', '失敗', 'する', '誘う', 'なる']","['大', '気', '責任', '女好き', '人']"
99,[],['怒る'],['あまり'],['いい加減'],"['嫌う', 'なれる']",[]
102,[],[],[],['好き'],['できる'],"['初対面', '人']"
105,[],[],['臆病'],[],[],[]
109,"['ない', 'ない', 'ない', 'ない', 'ない']","['回答', '回答', '仕事', '遅刻', 'する', '回答', '回答', '回答']",[],"['ない', 'ない', 'ない', 'ない', 'ない']","['回答', '回答', '回答', '回答', '話', 'かける', 'できる', '回答']",['誰']
112,"['細かい', 'ダメ']","['くる', 'なる', '傷つける', 'ある', '引き受ける', 'やり遂げる', 'まう', 'やる', '考える', 'やる', '誘える']","['人', '言動', '何', '自分']","['細かい', '凄い', 'いい', '無い', '軽い']","['なる', '放置', 'する', '動く', '話せる']","['気', '人当たり', '自分', '自分', '誰']"
113,['良い'],[],"['自己', '人当たり']",['軽い'],"['妥協', 'する']",['考え']
121,[],"['許す', 'ある', 'やり遂げる']","['内心', '最後']",['よい'],['こだわる'],"['いつ', '感じ', '社交']"
122,['余計'],"['思う', '見える', 'しれる', '変わる', '起こる', 'わかる', 'する']","['自分', '他人', '場', '状況', '何']","['勝手', 'ない', 'ない', 'ない', 'ない']","['妄想', '考える', '妄想', '思う', '妄想', '答える', '妄想', '答える', '考える', '妄想', '答える']",['そこ']
127,"['しつこい', 'くどい']",[],[],"['くどい', 'しつこい']",[],[]
131,['苦手'],[],['小心'],[],[],[]
132,"['普通', '普通', '新しい', '好き', 'ポジティブ']","['思う', '思う', '与える', '成し遂げる', 'たまる', '買う', '挑戦', 'する', 'とれる', 'なれる']","['お金', '物', '誰']","['普通', '良い', '新しい', '苦手']","['思う', '頼む', '断る', '入る', '話す']","['人当たり', '環境', '人前']"
134,[],"['怒る', 'ある', 'かぶる', '嫌う', '嫌う', '拘る', 'こだわる']","['猫', '人', '半々']","['いい', '広い', 'よい', '狭い', 'いい', '念入り']","['わかる', '調べる', '言う', 'いる']","['私', '感じ', '人', '他人', '何', '自分', '人', '友達']"
135,[],[],[],['多い'],[],['友達']
141,"['やさしい', '迷惑', 'ない', '好き']","['怒る', '振る舞う', '仕事', 'かける', '追求', 'する', '行動']","['誰', '基本', '最後', '誰', 'どちら']","['慎重', '狭い', 'いい', '多い']","['する', '仕事', 'みる', '参戦', 'する']","['愛想', '女性', '基本', 'ライブ', '聞き役']"
142,[],[],[],['無い'],[],[]
143,['寛容'],"['かんがえる', 'かんがえる']",[],"['やさしい', '色々']","['ニコニコ', 'する', '考える', 'する', 'する']",[]
144,['ない'],['回答'],[],[],"['怒る', 'なる']",['誰']
145,"['不思議', 'ない']","['尋ねる', '衝動', 'する', '譲る', '営業', 'する']","['人', '道', '場面', '人']",[],"['接客', 'する']",[]
149,[],['なる'],"['心', '広子', '人見知り']",[],[],[]
151,[],[],[],[],[],['かし']
153,"['正しい', '下手']","['許す', 'できる', '感じる', '接す', '叩く', '渡る', '関わる', 'する']","['他者', '礼儀', '人', '責任', '石橋', 'タイプ', '他人', '人']","['ない', '必要', 'いい']","['思う', '経営', 'する', 'ある', '付く', '離れる', '接客', '仕事']","['私', '関心', '最低限', '付き合い', '節度', '感じ', '人当たり']"
154,"['無い', '寛容', '様々', '慎重']","['失敗', 'する', 'ある', '変わる', '重ねる', '仕事', '相当', '持つ', '付き合う', '好む']","['モラル', '人', '人', '時', '態度', '年齢', '責任', '基本', '消極', '考え方', '人間', 'あまり']","['ない', '広い', '悪い', 'ない', '多い', '良い']","['ある', '思う', 'やり遂げる', '持つ', '言える', '評価', 'なる', '言える', '回答', 'なる']","['私', 'こころ', '感じ', '別', '責任', 'これ', 'どちら', '自己', 'どちら', '友人', '人当たり']"
156,[],"['回答', 'なす']",[],[],[],[]
161,"['無い', '普通']",['許せる'],[],['優しい'],"['ある', '話し合い', '取る', '経営', '経営']",['何']
166,"['まじめ', '誠実', '慎重', '積極', '控えめ', 'おとなしい', 'ない', 'ない']","['いえる', '思う', '仕事', '生活', '期す', '思う', 'いう', '自認', 'する', '言う', '思う']","['どちら', '大抵', '人', '人間', '基本', 'タイプ', 'どちら', 'タイプ', '人間', '社交', '人間', '社交']","['よい', '強い', '軽率', 'ない', 'ない', 'よい']","['思う', '思う']","['大', '性格', '人当たり', '責任', 'タイプ', 'どちら', '人当たり']"
167,"['気楽', '望ましい', 'ない']","['なる', '仕事', '溜まる', '生活', 'あわせる', 'おく']","['責任', 'ストレス', '周り', '別', '誰']",[],"['考える', '疲れる', '経験', '不足']","['思いつき', '物事', '社会']"
169,"['嫌', '多い', '多い', 'めんどい', 'いい']","['ある', 'なる', 'ある', 'よる', '頼れる', 'いる', '任せる', 'する', '思う', '立ち止まる', '考える', 'いう', 'する', 'やる', 'やる', '見かける', 'かける', '見つかる', 'する']","['一つ', '欠点', '人', '人', '何', '消極', '電車', '知り合い', '声']","['失礼', '広い', '鈍感', '穏やか', 'ない', '古い']","['言う', '受け止める', 'いう', 'しれる', '乗る', 'ある', '思える', '連絡', '取る', '会う', 'する']","['心', '人', '人', 'だて', 'どちら', '言動', '友達', '自分']"
171,[],"['びっくり', 'する', '許せる', '許せる', '共存', 'する', 'する', '分かつ', 'かれる', '構う', 'アタック', 'する']","['部分', '部分', '半々', '誰']",['良い'],"['許す', '感じる']","['方面', '割', '対外']"
172,[],"['よる', '話', 'づく', 'やる', 'する', '考える', '行動', 'する', '話せる']","['相手', '事', '最後', '何', '誰']",['頼り'],"['怒る', 'よる', 'なる', '考える', '行動', 'する', '行動', 'ある']","['あまり', '相手', '立場', '何事']"
173,"['良い', '好き']","['変わる', '怒る', '言う', 'する', 'ある', '買い物', '考える', '買う', '思う', '言う', '伝える', 'する']",['人'],[],"['する', '許す', '接客', '向く', '困る', 'する', '言える', '変わる', '誘う', 'する']","['何', '人', 'どちら', '自分', '人']"
175,[],[],[],[],[],[]
176,"['いい', '積極']","['許容', 'する', 'おもう', '決める', 'はやる', '心配', 'なる', '接する', 'いえる']","['何', 'ひと', '何', 'どちら']",[],"['話', '聞く', 'いう', '考える', 'なる']","['物事', '誰']"
178,[],[],[],[],"['あう', 'かく']",[]
179,"['細かい', '好き', 'ない', '好き', 'ない']","['くる', 'する', '果たす', 'する', 'ある']","['あまり', '人間', '責任', '好奇', '人付き合い']","['寛大', '普通', '多い']","['約束', '破る', '思う', '行動', 'する']","['人見知り', '自分', '友人']"
181,['ない'],[],['いとう'],[],[],[]
182,[],[],[],['ない'],[],[]
192,"['寛容', '多い', '慎重', '積極', '盛ん']","['合う', '評価', 'する', '仕事', '含める', '意識', 'する', '仕事', 'ふるまう', '意識', '持つ', '交流', '行く', '含める', '交流']","['気', '仲間', '筆頭', 'プライベート', '中心', '趣味', '友人', '知人']","['寛容', '軽率', 'ない', '積極', 'ない']",['ある'],"['他', '評判', '何事', '責任', '何事', '社交']"
193,"['若い', '寛容', 'いろいろ', '多い']","['受ける', '仕事', 'やり遂げる', 'ある', '狙う', 'する']","['動物', '子供', '女性', '異性', '面', '女性', '女性', '友達']","['大丈夫', '清楚', '清楚', '真面目']","['遊ぶ', 'いる', 'する']","['お互い様', '見た目', '美人', '子供', '人妻', '僕', '社交']"
195,[],[],[],['無い'],"['なる', '確立', 'する', '負担', '付き合う', 'する']","['年代', '人生']"
196,['ない'],['会う'],"['短気', '責任', '人', 'おっくう']",[],[],['短気']
198,"['固い', '真面目', '慎重', '慎重']","['する', '行く']","['初対面', '人', 'カード', 'どこ', '平気']","['滅多', 'ない', 'いい', '真面目', 'ない', 'いい']","['怒る', 'ニコニコ', 'する', '思う', '思う']","['感じ', 'フラット', '感じ', '人', 'どちら', '人当たり']"
200,"['広い', '積極', '激しい']","['やる', 'やる', '言える']","['どっち', '僧', '佐賀']","['いい', '大人しい', 'ない']",[],"['ひと', '世間', '自信']"
202,"['無能', 'ない', 'ない']","['考える', '優遇', 'する', '意識', 'する', '失敗', '恐れる']","['自分', 'ケースバイケース', '観点', '他人', '興味']","['いけ好かない', '忙しい', 'よい']","['仕事', '自慢', '取り入る']","['他人', '外面']"
205,"['いい', 'いい', '多い', '強い']","['怒る', '許す', '思いだす', '許す', '思う', '好く', '言う', '警戒', '感じる', '質問', 'する', '話せる']","['人', '思い出', '動物', '子供', '初対面', '人', '印象', '相手', '言葉', '違和感', '心境', '誰']","['完璧', 'ネガティブ', 'ネガティブ', '多い']","['受け入れる', '頼む', 'やり遂げる', 'ある', 'かかる', 'ある', '話す']","['世間', '自分', '火の粉', '性格', '引っ込み思案', '性格', '俺', '言葉']"
206,[],"['話す', '出来る']","['笑顔', '誰']","['穏やか', '慎重']",[],['愛想']
214,"['好き', 'ない']","['開示', 'する', '入力', 'しなう', '付き合う', '来る', '一緒', '住む', 'なる']","['自分', '中心', 'タイプ', '笑顔', '魅力', '収入', '個人', '情報', '日本', 'インドア', 'タイプ']","['素敵', 'ない', '慎重']","['いる', '入力', '付き合う', '来る']","['自分', '中心', '笑顔', '収入', '個人', '情報', '日本', 'インドア', 'タイプ']"
217,[],[],[],"['ない', 'ない']",[],"['可', '不可']"
221,"['孤独', '好き', '孤独', '好き', '大事', '孤独', '良い']",['やる'],"['笑顔', '自分', '知り合い', '独り身']","['普通', '普通', '苦手']",['喧嘩'],"['兄弟', '人見知り', '人付き合い']"
223,"['多様', 'ない', '親切', '安易', 'ない', '積極', '親しい', 'ない', '新しい', '大切']","['する', 'いる', '考える', '心がける', '関係', '関係', '接する', '心がける', 'やる', 'やる', '話', '信じる', '確認', 'する', '怠る', '判断', 'する', '行動', 'する', 'なる', 'する']","['世の中', '多種', '考え方', '生き方', 'ひと', '前提', '物事', '年齢', '性別', '人', '自身', '最後', '物事', '真偽', '信ぴょう', '自身', '消極', 'だれ', '彼', 'タイプ', '人', '出会い']","['強い', '深い']","['理解', 'する', '受け入れる', 'なれる', '決める', 'やる', '通す', 'ある', '掘り下げる', '考える', 'できる', '行動', 'する', 'なれる']","['自分', '誰', 'タイプ', '最後', '芯', '物事', '誰']"
225,['若い'],"['言う', '尽くせる', '反応', '比べる', '比べる', '言う', '尽くせる', '言う', '尽くせる']","['一言', '周り', '周り', '一言', '一言']",[],"['比べる', '比べる', '比べる', '比べる', '比べる']","['私', '私', '私', '私', '私']"
226,"['円満', '多い', '良い', '嫌', '粘り強い', '軽率', '慎重', '得意']","['する', '仕事', 'する', 'する', '我慢', 'する', '終える', 'する', '思う', 'ある', '怒る', '見える', 'する', '言う', '仕事', 'やる', '思う', 'する', '思う', '仕事', '仕事', 'とる', '行く', '話す', '思う', '話しかける', '行く', 'かける', '入れる', 'する']","['基本', '家庭', '自分', '内心', '雰囲気', 'たま', '基本', '人間', '自分', '人', '雰囲気', 'どこ', '声', '仲間']","['ない', '悪い', 'いい', 'おとなしい']","['失敗', 'する', 'する', '怒る', 'する', 'ある', '旅行', '行く', 'する', '飲む', '飲む', '思う', '喋る', '聞く', '答える']","['自分', '何', '言い方', '感じ', '家族', '車', '次', '気', '酒', '晩', '基本', '受け身', '自分', '親', '私', '親', '自分', '何']"
229,"['内気', '迷惑', '慎重', '苦手']","['ある', 'かける', 'なる', '試す']","['面', 'ケチ', '人付き合い']","['好き', 'いろいろ', 'いい']","['世話', 'ひく', 'する', '対応', 'する', 'わる', '気づく', 'やる']","['風邪', 'マスク', '体', '労', '人付き合い']"
231,"['ない', 'ない', '臆病']",['分かる'],"['可', '不可', '人見知り']","['ない', 'いい', 'ない', 'ない', 'アクティブ']",['いう'],"['やつ', '不可']"
232,['おとなしい'],"['する', 'つく', '疑う', 'する', 'する']","['常識', '外れ', 'イラ', '何事', '人見知り', '人見知り']",['明るい'],['打ち解ける'],"['誰', '性格']"
235,"['甘い', '厳しい', 'ない', 'ない', 'ない', 'ない', 'ない', 'ない', 'ない', 'ない', 'ない', 'ない', 'ない', 'ない', 'ない', 'ない', 'ない']","['なす', 'なす', 'なす', 'なす', 'なす']","['自分', '人']","['おしい', 'ない', 'ない', 'ない', '無理']","['切れる', 'うつ', '見下す']","['汚点', 'なし']"
237,[],[],[],[],"['回答', 'する']",[]
238,"['悪い', '新しい', '慎重', '親しい']","['ある', '思う', 'ある', '思う', 'する', 'なる', '打ち解ける', 'できる']",['人付き合い'],"['寛容', '良い']",['する'],"['私', '人当たり']"
239,[],['わかる'],[],[],[],[]
243,"['寛容', 'いい', '軽率', 'ポジティブ', '多い']","['心がける', 'ある', '指摘', 'する']","['性格', '知り合い']","['面白い', '大好き', 'うまい']","['許す', '料理']","['嘘', '美人', '近所', '付き合い']"
244,['ない'],"['怒る', 'ある', 'やり遂げる', '経験', 'ある']","['声', '荒', '責任', '役職']",[],[],[]
248,"['広い', '細かい', '軽率', 'そそっかしい']","['なる', '言う', '思う', '言う', '話', '話す', 'なる']","['気', '人', '長女', '気質', '子供', '私', '初対面', '人', '苦']","['良い', '軽率', 'ない', 'ない']","['躊躇', 'する', '困る', '貸す', '援助', 'する', 'ある', '経営', 'ある', 'ある', '全う', 'する', '見る', '考える', '行動', 'する', '経営', '取り引き', '従業', 'とる']","['人', '手', '金銭', '対外', '人当たり', '夫', '親', '責任', '立場', '立場', '振る舞い', 'ベスト', '立場', 'コミュニケーション', 'プライベート', '社交', 'タイプ']"
250,[],"['イライラ', 'する', '心配', '思う']",[],['多い'],"['笑う', '立つ', '果たす']","['人前', '役割', '友達']"
251,"['ない', '多い']","['回答', 'する', '回答', 'する', 'ミス', 'する', '回答', 'する', '回答', 'する']","['通り', '通り', '先人', '通り', '通り']","['弱い', '完全', 'かわいらしい', '生', '危ない', '元気']","['ある', 'オープン', 'できる', 'お話し', 'ある', '活動', '果たす', 'なる', 'ある', 'する', 'しゃべる']","['自分', '自身', '部分', '心', '真面目', '思いやり', '役割', '誰', '子', '年齢', '性別', '誰', '子']"
254,"['広い', 'ない', '良い']","['思う', 'わかる', '嫌がる', 'ある']","['心', '理由', '理由', 'たま', '付き合い', '傾向']","['ない', 'かわいい', '心強い', 'ない']",['仕事'],"['理由', '理由']"
255,[],[],[],"['明るい', '元気']",[],[]
256,[],"['一緒', '旅行']",['海外'],[],[],[]
259,"['多い', '良い', '丁寧']","['思う', '仕事', '対応', 'メール', '頂く', '調べる', '選択', 'する']","['友人', '感じ', 'お客様']","['親切', '不調']","['ドライブ', 'する', '止まる', 'いる', '止める', '話しかける', '見る', '旅行', '連れる', 'ドライブ', '行く', 'ある', '壊れる', '送る', '帰国', 'できる', '準備', 'する', '出会う', '話しかける', '出会う', '話しかける']","['誰', '車', '人', '車', '具合', '海外', '私', '何', '車', '駅', '私', 'クレタ', '旅先', '人', '旅先', '人']"
266,['積極'],[],[],[],"['する', '喋る']",['揚げ足']
267,['いい'],"['言う', 'する', '行動', 'する', '段取り', '組む', '仕事', 'なげる', '打ち解ける']","['当たり', '責', '場当たり', 'ボール', '誰']","['軽い', '多い', 'ない', 'おおい', '積極', '多い']","['生活', 'つつく', 'する', '関係', 'いう', '行動']","['ずれ', '人当たり', '友人', '自分', '自分', '場当たり', '手伝い', '友人']"
268,['確実'],"['言える', '思う', '決める', '決める', '考える', 'いう', '出る']","['どちら', 'タイプ', 'どちら', 'タイプ']","['広い', '明るい', '前向き', '確実', '積極', '慎重', '早い', '冷静']","['ある', 'ある']","['海', '動き', '無難']"
269,['嫌い'],"['思う', 'イメージ', 'なる', 'する', 'ある']","['相手', '気', '長所', '短所']",[],['頑張る'],[]
271,"['慎重', '軽率']","['相談', 'する', 'お願い', 'する', '付き添う', '思う', 'する', 'ある']","['最後', 'たま', '人任せ']","['柔軟', '高い']","['一緒', 'たたく', '渡る', '計画', '組む', '行動', 'する', '変更', '対応', '来る', '尊敬', 'できる']","['誰', '態度', '石橋', 'タイプ', 'プラン', 'コミュニケーション', '能力', '臨機応変']"
273,[],"['考える', 'する']","['いらち', '何']",[],[],[]
274,"['広い', '少ない', 'いい', 'ない', '新しい', '好き']","['変わる', '仕事', 'こなす', '意見', '持つ', 'トライ', 'する', '過ごす']","['気分', '心', '語彙', '相手', '印象', '家事', '自分']",['必要'],"['かける', '干渉', 'する', '求める', '対応', 'する', 'する', '気遣う', '発言', 'する', '思考', 'いる']","['気', '相手', 'プラス']"
275,"['無い', '普通', '普通']","['言う', '自覚', '判断', 'する', '思う', '思う']",['人'],['慎重'],['思う'],[]
276,[],[],[],['素晴らしい'],"['落ちる', '連絡', 'くれる', '乗る', '遣る']","['最高', '気分', 'みんな', 'なかよし']"
277,['横柄'],"['とる', 'ある']",['態度'],[],[],[]
280,"['悪い', '軽い', '慎重']","['見る', 'する', '引く', '対応', 'する', 'なる', 'する', '分かる', '振る舞う', '飽きる', '関わる']","['他者', '面', '誰', '責任', '自分', '性格', '性格', '他者']",['夢中'],"['話せる', '負う', 'する', 'やる', 'やってくる', '負う', 'する', 'のむ', 'なれる', '見える']","['他者', '本音', 'リスク', '生き方', 'リスク', '生き方', '誰']"
285,[],"['ある', 'ある', 'ある', 'ある', 'ある', 'ある']",[],[],"['ある', 'ある', 'ある', 'ある', 'ある']",[]
287,"['苦手', '仕方', 'いい', '必須', '軽率', '積極']","['認める', '考える', 'いる', '経験', '補える', 'なる', '思う', '知る', '動く']","['悪', '常識', '範囲', '人', '自営業', '部分', '人', '夫', '親友']","['広い', '普通', 'まじめ']","['受け止める', '受け止める', '位置', 'いる', '思う', '一緒']","['範囲', '人', '受け手', '立ち', '自分', '人見知り']"
290,[],[],[],['長い'],[],['付き合い']
294,[],['思い出せる'],[],[],[],[]
299,[],['関わる'],[],[],[],[]
301,"['明るい', '楽しい', '悪い', 'ない', '強い', '多い', '積極', 'ない', '多い', '好き', '必要']","['許せる', 'する', 'ある', 'お話', 'できる', 'なる', '任す', '仕事', '全う', 'する', '薄れる', 'する', '考える', '意思', 'する', '行動', '移す', '見る', '考える', 'いる', '覚悟', '決める', 'なる', 'なれる']","['理不尽', '無礼', '誰', '相手', '印象', '責任', '年', '何', '自分', '様子', '消極', '社交', '社交', '社交']","['いかつい', '悪い', '楽しい', '軽率', '新しい']","['喧嘩', '落ち着く', '話す', '会話', 'できる', '仕事', '全う', 'する', '仕事', '頑張る', 'ある', 'ある', 'やる', 'いう', 'ある', '全う', 'する', 'ある']","['わり', '見た目', '中身', '感じ', '面', '自分', '興味', '社交']"
303,['苦手'],[],['対人'],[],[],[]
304,"['いい', '弱い', '嫌']","['失う', 'ある', 'する', 'する', 'する', '考える', '結論', '出す', 'とる', 'なる', 'する', 'する']","['たま', '理性', '外面', '何事', '年', '気持ち', '相手', '気', '思い']","['優しい', '力強い', '面倒', '好き']","['落ち込む', 'ある', '見る', '考える', '行動', '移す', 'できる', '行動', 'ある', 'なれる', '行動']","['たま', '気分', '人', '誰']"
306,"['親しい', '積極']","['怒る', '出る', '応じる', 'たたく', '渡る', 'ある', '向く', '動く', 'しゃべる', 'できる', '動く']","['気分', '態度', '口', '求め', '石橋', '気', '場面', '自分']","['神経質', 'ない']","['許す', '対応', 'する', '依頼', 'する', '守る', '入れる', '行動', 'ある', '対応', 'する']","['何', 'いつ', '笑顔', '念', 'いつ', 'どこ', '笑顔']"
308,"['軽い', '少ない']","['遅刻', 'する', '許せる', '失敗', 'する', '泣く', '許せる']","['フットワーク', '相手']",[],"['ある', '考える', '発言', 'する']","['業務', '責任', '先']"
309,"['広い', 'よい', '慎重', '苦手', '好き']","['いう', 'ことわれる', 'する', 'まっとうする', '思う', '生きる', '思う', 'うっかり', 'する', 'ある', 'いう', '言える', '過ごす']","['心', 'ひと', '八方美人', '責任', 'たま', '人見知り', 'コミュニケーション', '人見知り']","['穏やか', 'にこやか', '広い']","['話す', '話す', 'する', '共通', '噂', 'する', '取れる']","['人', '知り合い', '誰', 'コミュニケーション', '人', '交友', '範囲']"
310,"['精一杯', 'ない', '多い', '多い', '多い', '良い', '深い']","['オープン', 'する', '行動', '変わる', 'する', '持つ', '行動', 'する', '考える', '行動', '移す', '下調べ', 'する', '行動', 'する', '特定', '付き合う', '合う', '付き合う']","['自分', '人様', '心', '余裕', '機嫌', '何', '責任', '何', '物事', '仲', '人', '人', '傾向']","['積極', '慎重', '積極', '広い', 'ない', '良い', '積極']","['こなす', '全う', 'する', 'やる', '心配', 'する', 'やる', 'ある', 'ある', 'とる']","['家事', '母', '任務', '母', '家事', '何', '消極', '物事', '差', 'そこ', '人脈', '仲', '人', 'コミュニケーション', '感じ']"
311,['軽い'],"['許容', 'する', 'おしゃべり', '話す']",['初対面'],['軽い'],"['思う', 'いく', '話す']","['多分', '初対面']"
312,"['普通', '積極', '普通']","['できる', '断る', '受け入れる', '保護', '付き合える', '持つ', 'やる', '考える', '行動', 'する', '計画', 'たてる', '持つ', 'する', '接する', 'できる']","['範囲', '友達', '子供', '責任', 'そこ', '関わり', '表面']",['うまい'],"['受け入れる', '好く', '慕う', '引き受ける', 'やりこなす', '考える', '遂行', 'する', 'やる', '決める', 'すすむ', '出る', '付き合える']","['大抵', '誰', '最後', '物事', '自分', '誰']"
313,"['明るい', '気楽', 'ない']","['接す', '会う', '喋る', '喋る']","['基本', '人', '基本']",[],[],[]
314,"['うまい', 'ない', 'いたい']","['笑う', '許せる', '喋れる', 'やり遂げる', 'する']","['大抵', '人前', '最後', '自分', 'あまり']","['嫌', '優しい']","['仕事', 'する', '任す', 'する', 'する', 'ある', 'はやる', '遊ぶ']","['最後', '興味']"
315,['せっかち'],[],[],[],[],[]
316,['無責任'],[],['権化'],[],[],[]
319,"['多い', '悪い', '薄い']","['嫌う', 'する', '思う']","['子供', '人', '他人', '関心']",['多い'],['いる'],['友人']
320,"['寛容', '良い', '慎重', '多い', '大事', '好き']","['思う', '思う', '落ちる', '思う', '考える', '行動', 'する', '思う']","['人当たり', '責任', '人後', '人付き合い']","['不快', '多様']","['批判', 'する', 'する', '負う', '言える', '行動', '付き合う']","['他人', '他人', '思い', '事', '責任', 'どちら', '割', '人']"
321,"['狭い', 'ない', '親しい', 'ない', '好き', '無い']","['許容', '思い当たる', 'ミス', 'する', 'ある', '求める', '喋る', '会う']","['範囲', '人見知り', 'エピソード', '人', '何', '人', '人']","['ない', '積極', '積極']","['叶える', '動く', 'もたれる', '断る', '話しかける', '知る', '話しかける', 'なれる']","['願い', '人', '印象', '人', '頼み', '基本', '人', '人']"
322,"['多い', '無鉄砲', 'プライベート']","['なる', 'する', 'する', 'やり遂げる', 'する', '仕事']","['気', '気', '最後', '物事', '進め方']","['凄い', '丁寧', '多い', '強い']","['生きる', 'する', '看護', '思う']","['友人', '職業', '同志']"
324,"['真面目', '苦手']","['許せる', 'ある']","['心', '人付き合い']",['優しい'],"['仕事', 'ある', '行く']","['周り', '責任', '自分']"
325,[],['いる'],['友達'],['やさしい'],[],"['自分', '二の次']"
329,['苦手'],['おもう'],"['どっち', '初対面']","['不明', '嫌']","['一緒', 'いる', 'する', '仕事', 'する']","['思い', '中間', '中間']"
333,"['ひどい', 'ない', '良い', '嫌い', 'しつこい', '軽い', '雑', 'ない', '良い', '激しい']","['妄想', '責める', 'ある', '当たる', 'なる', '引き受ける', '仕事', '完遂', 'する', '処理', 'する', 'する', '対応', 'なる', '付ける', '書く']","['祖母', '被害', '母', '父', '私', '外面', '猫かぶり', 'マルチタスク', '手', '外面', '猫かぶり', '好き嫌い']","['厳しい', '厳しい', '強い', 'ない', '大切']","['忍耐', 'ある', '尊敬', 'する', '耐える', '育て上げる', '逆らう', '意見', '通す', 'あたためる', 'する']","['母', '父', '父', '両親', '言動', '私', '妹', '父', '自分', '旧交', '近所', '付き合い']"
336,"['ない', '面倒']","['ある', '与える', 'こなす', '叩く', '参加']","['他人', '文句', 'いとう', '石橋', '場']","['寛大', 'ない']","['ある', 'できる', 'する']","['デリカシー', '損']"
338,"['新しい', '楽']","['わかる', '感じる', 'わかる', '感じる', 'やる', 'いる', '落ち着く']","['何', '両方']",[],"['わかる', '感じる', 'かんじる', 'する']","['両方', 'どちら', '人見知り']"
340,"['ない', '慎重', '軽率', '高い', '無理']","['判断', 'できる', '映る', '見る', '関わる', 'なる', '思う', '見合う', 'ある', '失敗', 'する', '特筆', 'する', '経験', 'こもる', 'なる', 'する', 'する', '感じる', '嫌う']","['自己', '無自覚', 'ショーウインドー', '自分', '責任', '能力', '引き', '程度', '消極', '価値']","['不快', '多い', 'ない', 'ない', '不快', '普通']","['違う', 'する', 'する', 'ある', '覚える', 'ある', '空回り', 'する', '経験', '聞く', 'ある', '出る', '思う', '受ける', '接す', 'する']","['相手', '相手', '思い', '人', '責任', '相手', '内容', 'どちら', '自分', '人', '社交', '言動']"
341,"['いい', 'いい']","['おもう', 'かんじる']",[],['いい'],['かんじる'],[]
342,"['些細', '悪い', '失礼', '慎重']","['損ねる', 'イメージ', 'する', '考える', 'わかる', 'おもう', '言う', '放棄', 'する', '言う', 'ある', '考える', '行動', 'する', '知る', '話しかける', '集める', 'ある']","['期限', '人', '何', '無意識', 'タイプ', '人', '情報']","['些細', '悪い', '無害', '善良', '多い', '慎重', '良い', '物静か', '大事']","['ある', 'そこねる', 'とる', 'ある', 'おもう', '受ける', '目立つ', '関わる', 'する', 'おもう']","['行き違い', '相手', '機嫌', '態度', '基本', '物言い', '人並み', '責任', '物事', '態度', 'バランス', '感じ', '受け身', '物言い', '印象', '人', '自分', '世界']"
344,['嫌い'],['つきあえる'],"['人', '割り', '愛想']",[],[],[]
349,"['可能', '良い', '嫌い', '慎重', '積極', '可能', '好き', 'ない']","['なる', 'ある', '思う', 'もつ', '取り組む', '思う', 'とる', '計画', '立てる', 'やってくる', '思う', '混在', 'する', 'する', 'なる', 'ある']","['どちら', '人当たり', 'これ', '人生', 'それなり', '物事', '責任', 'リスク', '何事', '消極', '両方', '時', 'どちら', '人']","['人懐っこい', '大胆', '慎重']","['感じる', '感じる', 'ある', 'ある', '約束', '守る', 'ある', '思う', '思い立つ', '行動', 'する', 'ある', '知る', '打ち解ける', 'できる']","['両方', '全般', 'ユーモア', 'キャラ', '振る舞い', '根', 'タイプ', '行きつけ', '居酒屋', '人', 'タイプ']"
351,"['狭い', 'ない', 'ない', '軽率', 'めんどくさい', '多い']","['言える', '思う', '感じる', 'する', '心がける', 'する', 'とる', 'ある', 'つける', '思う', '思う']","['どちら', '心', '責任', '基本', 'たま', '態度', 'なに', '社交']","['ない', '軽率', 'ない', '悪い']","['言う', '思う', '浮かぶ', '行動', 'する', '思える', '思う']","['他人', '社交', '具体', '事例', '何事', 'やる気', '人付き合い']"
352,[],"['なる', 'する']","['自分', '思い']",[],[],[]
354,"['ない', '慎重', '大嫌い']","['思いやる', '任す', 'こなす', '行う', '検討', 'する', '目立つ', '出る']","['相手', '何', '社交', '場']","['ない', '気安い', 'ない', 'ない', '多い']","['話す', '利用', 'する']","['誰', '友人']"
355,[],"['ある', '嫌う']",['人'],[],['ある'],[]
356,"['かたくな', 'よい', 'ない']","['慣用', '思う', 'ある', 'する', '言う', '冒険', 'する', '動く', '長ける']","['愛想', '自分', '愛想', 'コミュニケーション', '能力']","['普通', '普通']","['つきあう', '仕事', 'する', '仕事', 'する', '考える', '行動', 'する']","['自分', '人間', '人']"
359,"['面倒', '積極', 'ない', '面倒']","['持つ', 'こだわる', '会う', '言う', '代行', 'できる', '避ける', 'ある', 'シミュレーション', 'する', '行動', 'する', 'ある', '避ける', 'ある', '知る', '困る', '見る', 'かける']","['いつ', '根', '物', '考え方', '人', '人', '興味', '興味', '傾向', '人', '人', '声']",['多い'],"['する', 'よる', '対する', '変わる', 'やる', '言う', 'やりとげる', '付く', 'よる', '対する', 'よる']","['人', '物', '対象', '人', '感じ', '文句', '物音', '異変', '気', '人', '物', '人']"
362,[],[],[],['慎重'],['思う'],['どちら']
364,[],"['思う', 'おもう', '有る', 'おもう', '思う']",[],['いい'],"['おもう', 'おもう']",[]
375,"['嫌い', '適当']","['関わる', '貯まる', '関わる', '貯まる', '行動', 'する', '関わる', '溜まる']","['人間', 'ストレス', '人間', 'ストレス', '責任', '人間', 'ストレス']",[],"['知る', '関わる', '知る', '思う', '知る']",[]
382,[],[],[],['ない'],['解答'],[]
384,"['達者', '普通']","['する', 'ある']","['気', '口', '嘘つき']","['広い', 'ない']","['特定', 'いう', '読める', '挑戦', '選ぶ']","['人', '外面', '空気', '人']"
386,[],"['よる', 'よる', 'よる', 'よる', 'よる', 'わかる']",['立場'],[],[],[]
389,"['嫌', '嫌', '怖い', '軽い']","['言う', '言う', '取る', '計画', '立てる', '行動', 'する', '率先', 'する']","['自分', '自分', '責任', '人見知り']","['怖い', '頼り', '早い']","['考える', '出来る', '一見', '見える', 'する', '考える', '行動', 'なれる']","['立場', 'デメリット', '誰']"
391,['ない'],"['怒る', '思う', 'ある', '考える', '決める']","['悪', '人任せ']","['ダメ', '優しい', '丁寧']","['ある', '教える', '笑う', '困る', '悩む', '意見', '聞く', 'なる', 'いえる', 'わかる', '打ち解ける']","['子供', '人', 'どちら', '初対面']"
392,"['暗い', 'いい', '悪い', '嫌']","['イライラ', 'する', 'できる', 'やる', 'する', '言える', 'ある', '混雑', 'する', '会う']","['自分', '範囲', '人']","['特別', 'ない']","['ある', '解決', 'する']","['何', '何']"
395,"['おおらか', '安全']","['もてる', 'ある', '行動', '心がける', '確認', 'する', '行動', 'する', 'かかわる', 'する']","['好感', '責任', '人']","['いい', '速い']","['ある', '行動', 'する', '抜ける', '行動', '話', '会える', '会える']","['感じ', '責任', '誰']"
397,[],"['わかる', '思う', '思う', '思う', '思う']",[],[],[],"['私', '対極', '性格']"
398,['まとも'],"['面接', '落とす', '会話', '出来る']","['大学', '時代', '他人']",[],"['行く', '怒る']","['自分', '風俗']"
399,[],"['運転', 'する', '運転', 'なる']","['他人', '気']",[],[],[]
401,[],[],[],[],['やる'],[]
402,[],"['かかわりあう', '付き合う', '意識', 'する']","['場面', '場面', '場面', '人']",[],[],[]
405,"['重い', '多い', 'ない', '良い', '多い', '好き', '積極']","['する', '困る', 'いる', '手伝う', 'かける', '困る', '手伝う', '行動', 'する', '思う', 'かける', '飲む', '行く', 'ある', '断る']","['荷物', '年寄り', '声', '何', '声', '友だち', '誘い', '遊び']",[],[],[]
406,"['意外', '深い']","['仕事', 'やる', '吟味', 'する', 'する', '飲食', '経験']","['ケチ', '利己', '法', '後先', 'なあなあ']","['明るい', 'よい', '早い']","['考える', '片付ける', '買物', 'する', '思い込む', 'いける']","['子ども', '誰', 'タメ']"
408,[],"['する', '仕事', '育児', '抜く', '運転', '言う', '言う']","['気', '笑顔', '家事', '人']",['正直'],"['する', '仕事', '運転', '内向', '関係', '満足', 'する']",['気']
411,['多い'],"['思いやる', 'ある', 'やり遂げる', '努める', 'なれる']","['相手', '気持ち', '最後', '幹事', '誰']","['良い', 'ない', '多い']","['立ち止まる', '考える', 'ある', '率先', 'する', '作成', 'する', 'する']","['当たり', '何事', '保育園', '卒', '友達', '誰', 'フレンドリー']"
415,[],"['ある', 'チャレンジ', 'ある']","['親切心', '精神', '奥手']",[],"['信頼', 'できる', 'チャレンジ', 'ある']",['精神']
418,['普通'],"['思う', 'よる', 'ある']","['短期', '時', '人見知り', '人見知り']",[],"['喋る', 'する']","['誰', '人見知り']"
419,['嫌'],"['許せる', '思う', 'わかる', '影響', 'ある', '出る', '影響', 'ある', '行動', 'する', 'なる', 'できる', 'しゃべる', 'する']","['他人', '他人', '他人', '責任', '自分', '自身', '身', '思い付き', '無言', 'なん']",[],"['変わる', 'ある', '約束', '守る', '経営', '飲食', '経営', 'する', 'やる']",['感じ']
420,"['優しい', '普通', '面倒', '慎重', '積極', '普通', '面倒']","['する', 'する', 'かかる', '行動', 'する', 'する', '出来る', 'かかわる', 'する']","['責任', '社交']","['穏やか', '真面目', '普通']",['する'],"['性格', '消極']"
421,"['ない', 'ない']",['回答'],[],[],[],[]
422,"['よい', 'ない']","['責める', 'する', '守る', 'しゃべる']","['あまり', '外面', '納期', 'プライベート', '犠牲']","['広い', '狭い', 'ない']","['思う', 'つきあう', '考える', '病気', '辞める']","['自分', '会社']"
424,"['広い', '素敵', '素敵']","['仕事', 'ある']",['責任'],"['広い', '悪い', 'ない', '素敵', '悪い']",['たつ'],['床']
426,"['多い', '慎重', '面倒']","['許せる', 'つける', '行動', 'する', '見える', 'する', 'する', '行動', 'する']","['他人', '気', '感じ', '無責任', '自分', '自分', '付き合い']","['可愛い', '失礼', '慎重']","['する', '許せる', 'する', '行動', 'する']","['自分', '私', '社交']"
428,[],"['怒る', 'する']",['あまり'],[],[],[]
429,"['真面目', 'まじめ']",[],['人見知り'],"['ない', 'やさしい', '広い']","['怒る', '見る', 'チャレンジ', 'する', '関係']","['あまり', '交友']"
432,"['怖い', '悪い', '面倒', '危ない', '普通', '深い']","['許せる', '違う', '見る', '引き受ける', 'やり遂げる', '引き受ける', 'たたく', '歩く', '出す', '話す', 'できる', '関わる']","['範囲', '顔', '感じ', '最後', '内心', '石橋', '人間', '手', '初対面']","['広い', 'すごい', '良い', '強い', '慎重', '積極']","['みる', 'しれる', '思い切る', 'できる', 'ある']","['誰', '心', '私', '感じ', '周り', '感じ', 'い', '責任', '人', '人', '基本', '人', '自分', '興味', '社交', '人間']"
433,['寛容'],"['思う', '気遣う', '仕事', '投げ出す', '考える', '動く', 'ある', 'ある', '関わる']","['大抵', '体調', 'どちら', '面', '趣味', '世界', '興味', '他人']","['良い', '優しい', '無駄', '慎重']","['投げ出す', '思う', '思考', '予想', 'する', 'ある', 'ある', '居る']","['当たり', '他人', 'どちら', '面', '友人', 'それなり']"
434,"['普通', 'ない', '良い', 'ない', 'ない', '強い', '控え目', '普通']","['思う', '持つ', '対応', '思う', '仕事', 'もつ', '取り組む', '貯金', 'する', 'なる', '仕事', '言う', '頑張る', '思う']","['誰', '好意', '人', '感じ', '人', '当たり障り', '使命', '習慣']","['強い', '穏やか', '堅実']","['忍耐', '思う', '仕事', '頑張る', '頑張る', '思う', 'する', '思う']","['家事', '人見知り']"
435,"['優しい', 'にこやか', '慎重', 'ない', 'ない']","['思う', '受け入れる', '接する', '困る', '助ける', '思う', 'なる', '約束', 'する', '守る', '心配', 'する', '心配', '行動', 'する', 'なる', '率先', 'する', '出る', 'ある', '喋る', 'できる']","['イヤ', '大概', '基本', '人', '人', '気', 'そこ', '自分', '自信', '消極', '相手', 'アクション', '初対面', 'それなり']","['ない', '真面目', '優しい', '良い', '偏屈', '慎重', '控え目']","['受け入れる', '覚える', '思う', 'なる', 'ある', 'なる', 'する', '言う', '要望', '応える', '行動', 'する', 'ある', '黙る', '行動', '移す', '上がる', 'なる', '言う', '引く']","['大概', '相手', '怒り', '感じ', 'そこ', '相手', '基本', '思い付き', 'タイプ', '年齢', 'どちら', 'タイプ']"
436,['無い'],['交流'],['姉'],"['そっけ', '几帳面', '慎重', '良い']","['思う', 'ある', '仕事', '終わる', '確認', 'する', '思う', 'なる', '離す', 'なる', 'わかる']","['身内', '人', '態度', '期日', '人', '子供', '社交', '大人', 'パーソナル', '部分', '社交', '部分']"
437,"['寛大', '良い', '優しい', '慎重']",['信頼'],[],"['良い', '誠実', '慎重', '良い', '良い']",[],['笑顔']
440,['多様'],[],"['バリエーション', 'バリエーション', 'バリエーション', 'シチュエーション', 'シチュエーション']",['多様'],[],"['バリエーション', 'シチュエーション', 'シチュエーション', 'バリエーション', 'シチュエーション']"
443,"['偏狭', 'ない']",[],"['消極', '社交']","['狭い', '悪い', '軽率']",[],"['心', '感じ', '消極', '社交']"
444,"['厳しい', '甘い', 'ただしい']","['なる', '有', '実行', '言う', 'やる', '実行', 'する', '話', 'しける']","['自分', '他人', '礼儀', '言', 'タイプ', '念', '念', '自分']","['細かい', 'にぎやか']","['する', '話す', '言う', 'やる', 'くる', 'する', 'する']","['自分', '後回し', '笑顔', 'タイプ', '近所', 'ひと', 'テニス']"
445,"['悪い', '強い', '苦手']","['する', 'なる', 'つける', 'ミス', 'する', 'ミス', 'する', 'つける', 'する', '合う', '関わる']","['印象', '気', '気持ち', '気', 'ガタガタ', '人', '人']","['意地悪', '偉い', '嫌', 'ない']","['仕事', 'する', '話す']","['それなり', '人']"
448,"['嫌い', '平和', '慎重', '余計', '苦手']","['許す', 'いる', 'くちばしる', 'ある', '群れる']","['何', '争い', '主義', '責任', '調子', '一言', '傾向', '極度', '人見知り', '大勢']","['勝手', 'ネガティブ', '暗い']","['思う', '這う', '仕事', '向かう', '認知', '散らかす', '電話', 'する']","['切れ', 'ボケ', '根', 'おばさん']"
454,"['広い', '神経質', '狭い', '良い', '慎重', '親しい']","['ある', 'ある', '仕事', '抜く', '考える', '行動', 'する', '判断', 'する', '行動', 'する', '付き合う']","['部分', '部分', '人当たり', '手', '人']","['やさしい', '厳しい', '良い', '眠い', '神経質']","['誤解', 'する', '疲れる', 'やる', 'やる', 'たたく', '渡る', '行動', 'ある', '打ち解ける']","['他人', '自分', '人', '石橋', 'タイプ', '誰']"
455,['ない'],"['回答', '解答']",[],"['黒い', '固い', '真面目', 'いい']",['見る'],"['短気', '腹', '頭', '外面', '人', '顔色']"
457,"['うるさい', '誠実']","['探す', '探す', 'なる', '探す', '講演', '受ける', 'する']","['事例', '事例', '事例', 'セミナー', '講師']","['素晴らしい', 'よい', 'よい']","['付き合う', '接客', '心配']","['私', '取り組み', '感じ', '感じ']"
459,[],['浮かぶ'],['思い'],[],[],[]
463,[],[],['ぬい'],[],[],[]
465,"['腹黒い', '少ない']",[],['友人'],"['深い', '少ない', '広い']","['嫉妬', '主張', '関係']","['自己', '交友']"
466,['めんどくさい'],['すぎる'],['おせっかい'],[],[],[]
467,"['普通', '良い', 'いい加減', '慎重', '苦手', '好き', '苦手']","['わかる', 'わかる', '言う', 'する', 'たたく', '渡る', '紹介', 'する', 'いる', '行動', '入る']","['ここ', '人当たり', '世辞', '何', '人', '性格', '石橋', '自分', '性格', '人', '集団', '人', '集団']","['普通', '良い', '悪い', '普通', '積極', '多い']","['ある', 'する', 'する', '感じる', '思える', 'わかる', '思える', 'わかる']","['両面', 'レベル', 'おちょこ', '人付き合い']"
468,[],[],[],['ない'],['回答'],[]
471,['誠実'],"['ある', '嫌う', '思う', '約束', '守る', '思う', '思う', '保守', '思う', '落ち着く']","['自己', '中心', '言動', '人', '基本', '基本']","['おおらか', '良い', '誠実', '真面目', '誠実', 'アクティブ']","['接す', '利く', '気遣う', '思う', '落ち着く']","['態度', '私', '私']"
472,['無責任'],"['許す', '出来る', '思う', '思う', 'ある', 'ある']","['他者', '何', '何', '好奇', '自信']","['広い', 'ない']","['関係', '維持', 'する', '相当', '言える', '囚われる', '見える', '顧みる', '切り開く', '思う']","['私', '時点', '心', '感情', '責任', '何事', '自分']"
475,"['よい', '積極', '多い']","['向かう', 'する', '避ける', '避ける', '思う', '行く', 'なれる', 'うわさ', '聞く']","['愛想', '場面', '人']","['少ない', '良い', '真剣', '大丈夫', '真剣', '多い']","['する', '見える', '思う', '対応', '違う', '向き合う']","['私', '手柄', '自分', '周り', '人', '家庭', 'その他', '場面']"
476,"['良い', '新しい', '新しい', '興味深い']","['考える', 'なる', '接す', '思う', 'わかる', '目指す', '目指す', '出す', '就職', 'する', '違う', '行動', '見える']","['相手', '不愉快', '相手', '完ぺき', '手', '友人', 'タイプ', '考え方']",['ない'],"['思う', '一緒', 'いる', '負担', '感じる', '仕事', '感じる', '感じる', '話す', 'できる']","['それ', 'それ', '人']"
480,"['軽率', 'ない']","['する', '駆使', 'する', 'きる', '思う', 'する']","['思い', '人柄', '手', 'ふつう']",['元気'],"['頑張る', 'お世話', 'お世話']",['チャキチャキ']
481,[],"['嫉妬', 'する', '思いつく', '仕事', '反省', 'する', '繋げる', '思いつく', '思いつく', '接する', '言う', 'なる', '接', 'する', 'する']","['人', 'ハラスメント', '時代', '人']","['嫌', 'よい', 'ない', '慎重', '多い']","['ある', '出す', '許す', '持つ', '仕事', '仕事', 'やり遂げる', '思いつく', '誘う']","['顔', '気持ち', '容姿', '性格', 'そつ', '何事', '同僚']"
483,[],[],[],[],['回答'],[]
484,[],[],[],[],"['確認', 'する']",[]
485,[],[],[],[],['回答'],[]
486,[],[],[],[],"['思う', '浮かぶ']",[]
487,"['悪い', 'ない', '慎重', '窮屈']","['怒れる', 'する', 'やる', 'やる', 'ある', 'なる', '出る']","['他人', '感じ', '責任', '逃れ', '誰', 'あまり']","['軽率', 'ない', '忙しい']","['受け止める', '話', '聞く', '見届ける', 'する', 'いる']","['なん', '最後', '友人']"
489,"['慎重', '自由']","['いえる', 'いえる', 'もつ', 'いえる']","['どちら', 'どちら', '責任', '感じ', 'どちら']","['穏やか', '自由']","['落ち着く', 'する', 'いえる', 'いえる']","['感じ', '周り', '気', 'どちら', 'どちら']"
493,['ない'],"['怒る', '表裏', '表す', '任す', 'やり遂げる', '予測', 'する', '動く', 'する', '進む', 'する', 'なれる']","['めった', '誰', '何事', '自分', '何', 'タイプ', '誰']","['親しい', '親しい']","['怒る', '開く', 'やり遂げる', '考える', '行動', 'する', '付き合う', 'なれる']","['人', '人', '心', '何事', '最後', '人', '誰']"
494,['多い'],"['生活', 'うっかり', '感じる']",[],[],[],[]
495,[],[],[],[],['いえる'],['どちら']
496,"['良い', '強い']","['許す', '越す', '許す', '許せる', 'する', 'とる', '見る', '食べる', '怖がる', 'ある', '話しかける', 'わかる', '警戒', 'する']","['大概', '度', '出来事', '表面', '心', '感じ', '人並み', 'ニュース', '生物', '好奇', '部分', '初対面', '人', '知り合い', '心', '素性']","['いい', '誠実', 'ない']","['知る', '警戒', 'する', '開く', '和らぐ', '喧嘩', '仲裁', '入る', '外出', 'する', 'する']","['気前', '相手', '心', '表情', '他人', '人見知り']"
497,"['良い', '多い', 'せっかち', '多い']","['言う', 'する', 'お誘い', '頂く']","['リーダー', '役割', '機会']","['優しい', '多い', '優秀', '真面目', '良い']","['選ぶ', '出る', '話しかける']","['友達', 'ボーイスカウト', 'スカウト', '自分', '何', '友達']"
498,"['結構', 'いい', 'いい', '多い', '明るい']","['思う', 'ある', '発言', 'ある', '思う', 'やる', 'する']","['暖かみ', '引っ込み思案']","['良い', '柔和', '無責任', '軽い', '積極', 'いい']","['接す', 'する', 'する', '接す', '思う']","['誰', '感じ', '感じ']"
499,"['悪い', '無い', '無難', '高い']","['許せる', '思う', '思う', 'こなす', '言える', '言える', 'チャレンジ', 'する', 'やる', '心がける', '思う']","['基本', 'そこ', '印象', 'なん', 'どちら', 'コミュニケーション', '能力']","['悪い', 'ない', 'ない', '真面目', '狭い', '低い']","['怒る', 'イメージ', 'する', '思う', '計画', '立てる', '行動', 'する']","['基本', '人脈', 'コミュニケーション', '能力']"
502,['良い'],"['会う', '話', 'かける', '言う']","['人', '感じ']",[],[],[]
503,[],"['ある', '仕事', '指示', 'する', 'やり遂げる', 'つとめる', '行動', '移す', '考える', '意見', '言える']","['気分', '子ども', '自分']","['厳しい', '多い']","['ある', '心配']","['面', '友達']"
504,"['広い', 'いい', '嫌い']","['怒る', '演じる', '逃げ出す', 'ある', '思う', '言える', '活動', '会う']","['余り', 'うわべ', '人', '自体', '苦痛']","['いい', '無理', 'おっちょこちょい']","['許す', '見る', 'する', '思う', 'ある', '動く', '遮光', '思う', '思う']","['何', '誰', '感じ', '人', 'たま', '人', '社交']"
505,"['好き', '新しい', '好き']","['いとう', '評価', 'わかる', 'たたく', '渡る', 'ある', '交わる']","['他人', '石橋', '関心', '人']",[],[],[]
506,"['広い', '低い', 'ない', '重い', '煩わしい']","['わかる', 'いう', '関わる', '肯定', '争う', '接触', 'する', 'のしかかる', '壊す', '取れる', 'うかがう', '意見', '出す', '関わる']","['他人', '自己', '自信', '誰', '他人', '責任', '身体', 'バランス', '人', '顔色', '誰']","['おかしい', 'ない', '良い', '邪魔', '得意', '積極']","['する', 'やる', '言う', '死ぬ', '抜ける', '暴言', '浴びる', 'する', '見る', 'する', 'しれる', 'かわいがる', 'ある', 'する', '引っ張る', '持つ', 'する', 'する', '引っ張る', '立つ', 'わかる', 'なる', '構う', '気に入る', '飲む']","['チームリーダー', '年上', 'なす事', 'クレーム', '魂', '頭', '散々', '年下', '自分', 'リーダー', '年上', '年上', '職場', 'マネージャー', 'マネージャー', '告げ口', '足', '年上', '成績', '根', '人', '足', '自分', '上', '丸', '自分', '周り', '人', '様子', '上司']"
507,"['確実', '積極']","['失敗', '見れる', '思う', 'かける', '思う', '与える', '仕事', 'こなす', '確認', 'する', 'ある', '調べる', '実行', 'する', 'する', '話しかける']","['多少', '大目', '性格', '周り', '声', '最後', '家', '戸締まり', '興味', '人見知り', '誰', '性格']","['やさしい', '正しい', 'やさしい', '確実', '慎重', '積極', '親しい']","['こなす', '行動', 'する', 'ある', '取り組む', '話しかける']","['誰', '礼儀', '最後', '興味', '誰']"
511,[],[],[],"['良い', '軽率', 'ない']",[],"['当たり', '何事']"
512,[],[],[],"['優しい', 'いい']","['結婚', 'する', '居る', '存在']","['居心地', '自然体']"
513,[],"['働く', '着く', '告白', 'する', '話しかける']","['ケチ', '顔', '怒り', '誰', '自分', '自分']","['怖い', '広い']","['ある', '経営', '乗る', 'する', 'くる']","['隔て', '顔', '会社', '誘い', '誰', '物怖じ', '顔']"
514,"['明るい', '元気']",[],[],"['明るい', 'いい', '好き']","['ある', 'ある', '出歩く']","['娘', '甘え', '部分', '娘']"
516,[],"['おこる', 'やりとげる', 'しらべる', 'する', 'アプローチ', 'する', '飲む', 'すすむ', '参加', 'する']","['あまり', 'した', '自分']",['自分勝手'],"['おこる', 'やる', 'やる', 'する', 'でる']","['なに', '外']"
518,"['ない', '悪い', '必要', '良い', '軽率', 'ない', 'ない']","['不足', '仕事', '増える', '喋る', '減る', '仕事', 'できる', '思う', '辞める', '困る', '取れる', '思う', '辞める', '困る', 'する', '仕事', 'する', '持つ', '言う', '言う', '聞く', '与える', '仕事', 'こなす', '言う', 'シフト', '飲む', '行く', 'ある', '行く', '思う']","['仕事場', '人手', '余裕', '同僚', '機会', '感じ', '会社', 'バランス', '会社', '責任', 'ここ', 'どちら', '消極', '職場', '同僚', '機会']","['狭い', '良い', '必要', 'ない', '好き', '嫌い', 'ない', 'ない']","['話しかける', '喋る', '思う', '思う', 'する', '仕事', 'できる', '仕事', 'できる', 'いる', '仕事', '増える', 'ある', '与える', '仕事', 'やる', '挨拶', '話', 'する', '食事', 'する']","['こちら', 'タイプ', '心', '向こう', '私', '私', '責任', 'チームワーク', '自分', '事務', '会社', '付き合い']"
521,"['いい', '辛い']","['ミス', '叱る', '考える', '成長', 'する', 'ある', '聞く', '言う', 'やる', '考える', '行動', 'する', 'やる', '挑戦', 'する', '対面', '好む']","['部下', '原因', '機会', '街なか', '道', '初対面', '人', '印象', '最後', '何', 'コミュニケーション']","['丁寧', 'いい', '丁寧', '色々', '丁寧']","['要求', 'がんばる', '応える', 'する', '対応', '守る', '要求', '頑張る', '応える', 'する', '対応', '提案', 'する']","['こちら', 'レスポンス', '期限', 'こちら', '案', '誰']"
522,[],[],['すき'],[],[],['すき']
523,"['よい', '無い']","['やり遂げる', 'する', '確認', 'する']","['最後', '物事', '愛想']",['ない'],['分かる'],[]
524,['大切'],"['言う', '動く', 'する']","['人', '繋がり']","['何気ない', '多い']","['左右', 'する', '覚える', '進む', '挑戦', 'する']","['機嫌', '一言', '友人']"
528,"['嫌い', '温厚', '危ない', '慎重', '積極', '図々しい']","['接する', '努める', '好む', '仕事', '放棄', 'する', '渡る', 'かかわる', '持つ', '分ける', '隔てる', '接する', 'する', 'する']","['人', '性格', '争い', 'プライベート', '橋', 'タイプ', '基本', '趣味', '自分', '興味', '誰', '高圧', '人', '相手']","['不機嫌', 'ない', '寛容', '悪い', '問題', '浅い', '積極', '積極', 'ない']","['除く', '拒否', 'する', '思える', '分ける', '隔てる', '接する', '見習う', '思える', 'こなす', '思う', '言う', 'なる', 'する', '関わる', '隔てる', '付き合う', 'する']","['誰', '箇所', '印象', '調子', '家事', '友人', '付き合い', '人', 'トラブル', '元', '自分', '趣味', '日頃', '誰']"
529,"['広い', '親しい', '良い', '慎重', '苦手', '苦手']","['受け入れる', '思う', '出る', 'やり遂げる', '努める', '考える', '話', 'かける', '入る', '飲む']","['スペース', '人', '自分', '最後', '何事', '短所', '自分', 'パーソナル', 'スペース', '会社']","['広い', '良い', '強い', '軽率', 'ない', '普通', '普通']",['思う'],"['心', '人当たり', '気立て', '責任']"
532,[],[],[],['積極'],['ある'],"['自分', '責任', '自分', '自分', '社交']"
533,"['人嫌い', '軽い', '人嫌い']",['わかる'],"['秘密', '人嫌い']","['強い', '慎重', '積極']",['任官'],"['湯沸かし器', 'タイプ', '人嫌い', '積和不動産', '社交']"
534,[],[],[],[],"['とおす', '借金', '押し付ける', 'なすりつける']","['自分', '言い分', '自分', '人', '人']"
536,[],"['言う', '行動', 'あまる']","['文句', '友達']",['真面目'],"['ケンカ', 'なる', '言う', '仕事', 'いる']","['文句', '友達', '感じ']"
537,"['広い', '悪い', '軽率', '慎重', '積極', 'うまい', 'ない']","['思う', '尋ねる', '進む', '断る', 'する', '感じる', 'いる', 'しれる', '生活', '進む', '拒む', 'ある', '言える', '行動', 'ミス', 'する', '後悔', 'する', 'ある', 'ふるまう', '心がける', 'いる', '行動', 'する', '行く', '付く', 'いる', 'なる']","['心', '道', '気', '他人', '頼み', '人', '集団', '自分', '役割', '試し', '消極', '気', '友人']","['ない', '優しい', 'アクティブ', 'ない', '良い', 'ない']","['怒る', '見つめる', 'ある', 'する', '寄り添う', '転げ落ちる', '転落', 'する', 'ある', '動く']","['性格', '私', '全力', '私', 'ベッド', '階段', '人', '付き合い', '私', '人間', '付き合い']"
540,[],['なる'],"['大勢', '人']",['下手'],"['自覚', 'ある', '考える', '行動', 'する']","['笑顔', '人間']"
541,['ない'],[],[],[],[],[]
544,"['狭い', 'ない', 'ない', '普通', '苦手', '慎重']","['なる', '拒否', 'する', '感じる', '思う', '感じる', 'ある', '逃げ回る', '見極める', '会話', '続く', '話しかける', '会話', '続く']","['心', '可', '不可', '人間', '責任', '責任', '立場', '人', '物', '人見知り', '自分', 'タイプ']","['広い', '仕方', '多い', 'すごい', '自分勝手', 'わがまま', '苦手', '多い']","['病気', '思考', 'いじめる', '経験', 'ある', '接する', '繋がる', '拒否', 'する']","['兄', '精神', '障害', '心', 'マイナス', '人', '人', 'タイプ', '人']"
549,"['温和', '清潔', 'ない']","['おもう', '見る', '考える', '行動', 'する', '特筆', 'する', '平均']",[],"['優しい', '優しい', '慎重']","['成し遂げる', '平均', '結婚', 'する', 'いる']","['何事', '友達']"
550,['積極'],"['する', '分かる']","['相手', '八方美人', '目', '気', '社交']",['能無し'],"['発達', '使える', '媚びる', '売る']","['障害', 'ゴマ', 'スリ']"
552,"['ない', 'ない']","['感じる', '思う', 'かかわる', 'する']","['親', '責任', '社交', '地域']","['不当', '十分', '十分']","['扱う', 'ある', '思う', '果たせる', '疑う', '果たせる', '思う', '参加', 'する', '参加', 'する']","['親', '責任', '親', '責任', '地域', '行事', '地域', '行事']"
553,['楽'],['いる'],['気'],"['短気', '無理']",['する'],"['自己', '中心']"
554,"['短気', '適当', 'ない']","['する', 'ある', '解答', '対面', 'しゃべれる']","['意地悪', '人']","['短気', '多い', '適当', '苦手']",['する'],"['小言', '初対面', '人']"
555,"['慎重', '積極', '必要', 'ない']","['口出し', 'する', 'やる', 'やる', '思う', '考える', '行動', 'する', '関わる', '思う']","['あまり', '最後', 'マイペース', '他人']","['ない', '自分勝手', '迷惑', '詳しい']","['感じる', '分かれる', '思う', '相談', '実行', 'する', '欠ける', 'やる', 'かける', 'ある', '知る', 'ある', '思う']","['場面', '自分', '誰', '責任', '周り', '人付き合い']"
556,[],[],[],[],"['入る', 'やる']","['消防', '学校', '役員']"
557,"['いい加減', '危ない', 'ネガティブ']","['くよくよ', 'する', '思う', '出す', '心配']","['自分', '手', '人見知り']","['小さい', '慎重', '好き']","['注意', 'する', '信用', 'する', '冒険', 'する']","['人', '人']"
560,"['慎重', '楽', '必要', 'ない']","['怒る', 'ある', '好く', 'できる', 'できる', 'やる', 'ある', '言える', '失敗', 'する', 'できる', 'やる', 'できる', '使う']","['あまり', 'タイプ', '責任', '物事', '何', '気']","['ない', '自分勝手', '無責任', 'よい', 'いい', '慎重', '大雑把', '良い']","['感謝', 'する', '考える', 'やる', 'ケンカ', 'する', '考える']","['周り', '人', '気持ち', '自分', '自分', '人', '仲', '自分']"
563,"['無い', 'ない', '好き', '非常', '積極', '嫌い']","['思う', '回答', 'やる']","['子供', '責任']","['必要', '好き', '勝手']","['考える', '行う', '生活', '支える', '生活', '送る', '思う', 'いく', '立てる', '一緒', '暮らす', 'ふれあう', 'する', '出かける']","['自分', 'お互い', '子供', '自分', '自分', '腹', 'そこ', 'いつ', 'どこ']"
565,"['必要', '近い', '苦手', '必要', '必要']","['ある', '悟る', 'する', 'いる', 'する', '果たす', '思う', 'ある', 'する', '確認', 'する', '違う', '動く', '動く', 'する', '出る']","['相手', '事情', '笑顔', '自分', '役割', '用事', '気', '持ち物', '精神', '疾患', '性格', '日常', '心', '家']","['穏やか', '強い', '嫌', 'ない', '余分']","['気に入る', 'つく', 'なる', 'ある', '威圧', '頼む', '返事', 'する', '会話', 'する', '間違う', '行動', 'する', 'ある', '行動', 'ある', 'ある', '指示', 'する', '行動', 'する', '進む', '計画', '立てる', '実行', 'する', 'ある']","['悪態', '年', '性格', '鬼', '形相', '人', '言葉', '人', '付き合い', '早め', '早め', '自分']"
567,['うまい'],"['相談', 'なる', '癒す', 'いく', '話', 'なる']","['自分', '悩み', '人', '家族', '相手']",[],"['ある', '接す', '欲求', '満たす', '率先', 'する', '絡む']","['人', '身', '自分']"
569,['よい'],"['言う', 'ある']",['当たり'],"['悪い', 'ない']",['聞く'],"['評判', '周囲']"
571,"['真面目', '軽率', 'ない']","['する', 'だす', '感じる', '過ごす', 'ある', '行動', 'する', '出る', 'やる', 'する']","['心', '表', '責任', '家', '社交', '外', '無料', '社交']","['ない', 'いい', '悪い', 'ない', 'ない', '普通']","['ある', 'ある', '仕事', 'ある', '考える', '行動', 'する', 'ある', '思う']","['エピソード', '感じ', '責任', '私生活', '後先', 'エピソード']"
572,"['よい', '悪い', 'ない', '普通']","['許す', '思う', '避ける', 'ある', '思う', '思う', '避ける', 'ある']","['傾向', '後ろ向き', '傾向']",[],[],[]
574,"['悪い', 'ない', 'ない', '楽']","['思う', '思う', '調べる', '行動', 'する', '思う', 'いる']","['感じ', '消極']","['広い', 'やわらかい', 'ない', '主', '積極']","['わかる', '向き合う', '仕事', 'わかる', '下調べ', 'する', '行動', 'する', '仕事', 'ある', '思う', '思う']","['心', '言葉', '相手', '家庭', '何事', '面', '事業', '自分', '社交', '人間']"
575,[],"['いう', '思う', '浮かぶ', 'いう', 'いう', 'いう', '思う', '浮かぶ']","['これ', 'これ', 'これ', 'これ']",[],"['思う', '浮かぶ', '思う', '浮かぶ', 'いう', '思う', '浮かぶ', 'いう', 'いう', '思う', '浮かぶ']","['これ', 'これ', 'これ']"
576,"['優しい', '慎重']",['逃げ出す'],['笑顔'],['ない'],"['怒る', '解凍', 'する']",['人見知り']
577,"['おおらか', '悪い', '多い', '軽率', '積極', 'ない', '正しい']","['いる', '思う', '見れる', 'ある', '関係', 'する', '問う', '逃げる', 'する', 'ある']","['視力', '人', '自分', '関', '逆', '自分', '物事', '身長', '興味', '消極', 'あまり', '礼儀']","['極度', 'ない', '積極', 'ない', '非常', '正しい']","['やる', 'つける', '変える', 'ある', '取引', '失礼', '心配', 'する', '恐れる', 'てる', 'ほったらかす', '取引']","['いちゃもん', '人', '態度', '自分', '他', '礼儀']"
578,"['わがまま', '良い', '優しい', '低い', '真面目', '多い']","['遣う', '言う', 'やる', '入り込む', '確認', 'する', 'する', '譲る', '疑う', 'しゃべる']","['他人', '気', '家', '性格', '腰', '何事', 'タイプ', '物事', '性格', '周り', '目', '気', '人', '人']","['俗', 'うまい', '良い', '良い', '良い', '多い', '大胆', '大好き', '多い']","['ある', '出る', '言う', '入る', '旅行', '約束', 'なる', 'する', '意見', '変わる', '振り回す', '誘う', '聞こえる']","['短気', 'キレ', '表情', 'タイプ', '人', 'タイプ', '相手', '懐', 'ノリ', '愛嬌', '直前', '愛嬌', 'パチンコ', '車', 'スピード', '人', '周り', '笑い声']"
579,[],"['ある', 'ある']","['両方', '両方']",[],[],[]
582,[],"['回答', '関わる', '関わる']","['人', '人']","['明るい', '親しい', '明るい']","['怒る', 'とっつく', '心配', '仕事', 'する', '心配', '入れる', '爆発', 'する', '心配', 'なる', 'くる', '持つ', '帰る', 'する', 'なれる', 'なれる']","['人', '薬品', '袋', '夜中', '会社', '家', '誰', '人', 'だれ']"
583,[],"['受け入れる', 'あり', 'やり遂げる', '言える', '解決', 'する', 'すむ', 'する']","['初対面', '裏表', '物事', '気', '気']",['よい'],"['引く', 'やり遂げる', '動く', '出る', '言える']","['あと', '人当たり', '表']"
584,"['ない', 'おとなしい']","['考える', '出る', '出る']","['引っ込み', '表', '表']","['自分勝手', 'いい']","['考える', '言う']","['相手', '悪口', '外面']"
587,"['主', '申し訳', '酷い', '完璧', 'ない']","['買う', '発動', 'する', '買い物', 'ある', '知る', 'する', '挨拶', 'する', '話し込む', 'なくなる', '予定', 'ある', '予定', '狂う', '見る', 'する', '頼む', 'やる', '通す', '思える', '調べる', '電話', '確認', 'する', '過ぎ去る', '思う', '行く', '思う', 'なる', '克服', 'できる']","['猫', '人', 'ここ', '無償', '愛', '上', '表', '外', '知り合い', 'こっち', '内容', '最後', '事前', '目標', '何事', '性格', 'どこ', '子供', '人見知り']","['若い', 'すごい', '嫌', '悪い', '良い', '破天荒', '真面目', '大切', '達者']","['聞かす', 'からむ', 'けっこう', 'いう', '生む', '言う', 'する', '誘う', '行く', 'しゃべる', '通う']","['自己', '人', '酒', '愚痴', '物', 'タイプ', '私', '逆', 'あんた', 'ショック', 'わり', '人', '義理', '人情', 'どこ', '割', '人気もの', '仲間']"
589,"['良い', '悪い', 'ない', 'ない', '多い', '苦手']","['思う', '心配']","['受け身', '人付き合い']","['ない', 'ない', 'ない']","['思い当たる', '思い当たる', '出かける']",['エピソード']
590,"['良い', 'ない', '軽率']","['思う', '言う', '指摘', 'する', 'する', '謝る', 'ある', '感じる', 'ある', '行く', '誘う', '行く']","['たま', '感じ', '言動', '相手', 'お金', '余裕']","['辛い', '好き', '積極']","['なる', '行動', 'する', '会える', '話', '聞く', '始める', '意見', '調べる', '納得', 'する', '行動', 'する', 'やる', '一緒', 'やる', 'やる']","['こちら', '身', '心身', '声', '何', '人', '自分', '人', 'それ', '消極']"
591,"['慎重', '不安', '好き', '積極', '積極', 'ない']","['言える', 'ある', '知れる', 'なる', '努める', 'ある', '言う', '確認', 'する', '思う', '経験', 'する', '思う', 'なれる', '思う', '思う']","['どちら', '面', '自分', '派', '周り', '人', '責任', '何', '事前', '年齢', '自分', '社交', '他人', '社交']","['広い', '不明', 'ない', '嫌い', '悪い', '悪い', '素直', '真面目', '強い', '慎重', '積極', '苦手', '強い', 'ない']","['付き合える', '感じる', 'できる', '総合', '思う', '思う', '可愛がる', '思う', '下調べ', 'する', 'びっくり', 'する', '行動', 'する', '意識', '思う', '会話', '困る']","['こころ', '人', '割', '好き嫌い', 'それ', '付き合い', '感じ', '寝起き', '機嫌', '責任', '年上', '人', 'かなり', '何', '事前', '自分', '趣味', 'こちら', '消極', '社交', '初対面', '人']"
592,['失礼'],"['許せる', '見る', '仕事', '辞める', '考える', '行動', 'する', '作る', '話す']","['人間', 'あまり', '顔', '学校', '友達', '仕事場']","['多い', '陰湿', 'いい加減', '多い', 'ない', '多い', '深い']","['する', 'する', '一貫', '知る']","['人', '人間', '感じ', '仕事場', '人間', '人間']"
594,"['多い', '見やすい', '申し訳', '様々', '積極', '好き', 'いろいろ', '円滑']","['集積', '分別', '出す', '回収', 'する', '残置', 'する', '掃く', '清める', '行う', '収集', '分別', '掲示', '改善', 'する', 'する', '捨てる', '気づく', '期待', 'する', '聞く', '相談', 'もちかける', '仕事', '取組む', '信頼', '得る', '転勤', '兼務', '命じる', 'する', 'おさまる', 'ある', '退職', 'する', '送別', '断る', '同席', '感染', 'する', 'ある', '断る', '納得', 'する', '生活', '改善', '行く', '経験', '思う', '行う', 'ある', '過ごす', 'つとめる', '関係', '築く', '仕事', '進める', 'できる']","['町内', 'ゴミ', 'ごみ', 'ここ', 'ルール', '側', '道', '姿勢', '周囲', '女性', '部門', 'コロナ', '早期', '申し出', '自身', 'あなた', '会社', '業務', '自主', '趣味', '学校', '学級', '委員', '会社', '部署', '人間']","['早い', '問題', '悪い', '必要', '素晴らしい', '様々', '良い', 'よい']","['見抜く', 'ある', '伸ばす', '補う', '見る', 'かける', '差し入れる', '依頼', 'する', '進捗', '教える', 'やり遂げる', '期待', '応える', 'する', '仕事', '行動', '起こす', '影響', '考える', '行う', '働く', '派遣', 'アルバイト', '関係', '築く', '接す', 'する', '選ぶ', '雑談', '食事', '参加', 'する']","['長所', '短所', '自分', '長所', '短所', '自分', '姿勢', '周囲', '人', '体調', '声', '気遣い', '状況', '最後', 'こちら', '面', '何', '人物', '自分', '下', '社員', '距離', '付き合い', '人', '様子', '昼食']"
596,"['オープン', '優しい', 'やさしい', '慎重']","['わきまえる', '限定', 'できる', '渡り歩く', '叩き込む', 'できる', '思案', 'する', '行動', 'する', '意見', '貫き通す']","['筋道', '人', '付き合い', '全国', '人', '筋道', '所作', '人間', '心底', 'まとも', '本質', 'タイプ', '自己', '相手']",['自分勝手'],"['知る', '知る', '知る', '理解', 'できる', '知る']","['みんな', '井', '蛙', '大海', '田舎', '礼儀', '世の中', '本質', '人間', 'マナー']"
597,[],[],[],"['ない', 'ない']","['解答', '解答']",[]
598,"['ない', 'ない', 'ない', 'ない']",[],[],[],[],[]
601,"['ない', '軽微', '多い', '公平', '不安', '慎重', '広い']","['謝罪', '許す', '挨拶', 'する', '持つ', 'なる', 'とる', '話す', 'する', '判断', 'する', '客観', '基づく', '判断', '行動', 'する', 'なる', '判断', 'する', '行動', 'する', '乱す', 'する']","['不作為', '悪意', '物', '大抵', '人', '笑顔', '心掛け', '会社', '地域', '責任', '金銭', '社会', '責任', '他人', '鵜呑み', '外見', '根拠', '要素', 'デメリット', '要素', 'メリット', '大抵', '場', '付き合い']","['優しい', '辛い', '優しい', '公平', '優しい']","['遅れる', '怒る', '迎える', '感じる', '疲れる', '話す', '聞く', 'ある', '安心', 'ある', '率先', 'する', '行動', 'する', '見る', '判断', 'する', '客観', '判断', 'する', '感じる', '考える', '考える', '行動', 'する', '合わせる', '持つ']","['笑顔', '大抵', '自分', '外見', '実績', '周り', '相手']"
606,"['大きい', '無愛想', 'ドライ', '慎重', '狭い', '深い', '好き']","['なる', '思う', '知る', '対応', 'なる', '持つ', '重ねる', 'なる', '計画', '追い込む', '違う', '関係']","['男', '常々', '友達', '家族', '別', '人', '自分', '家族', '責任', '他人', '歳', '基本', '消極', '人間']","['慎重', '積極', '新しい', 'ない', '必要']","['分かる', 'ある', '尊重', 'する', '仕事', '利用', '接す', '好く', '尊敬', 'する', '仕事', '連絡', '対応', 'する', '仕事', 'ある', '感じる', 'ある', '考える', '動く', '聞く', '行う', '言う', '入る', 'なる', 'ある', 'する', '接する', '言う']","['たま', '怒り', 'スイッチ', '基本', '私', '人当たり', '抜群', '誰', '個人', '最大', '長所', '休み', '責任', '何', '私', '妻', '感じ', 'スイッチ', '中年', '興味', '感じ', '人', '苦']"
608,"['うまい', '不快', '普通', '慎重', '嫌い', '憂鬱', '仕方', 'ない']","['失敗', 'する', 'いく', 'ある', '出る', '与える', 'わかる', 'いる', '似る', '共感', '覚える', '嫌悪', '抱く', 'しれる', '考える', 'やる', '思う', 'なる', 'つける', 'なる', '注意', 'する', 'はやる', 'する', 'かかわる', '会う']","['自分', '何', '顔', '周り', '人', '自分', '周り', '自分', '人', '自分', '自分', '正反対', 'ひと', '常識', '軽率', '自分', '気', '何事', '自分', '人', '誰']","['ない', '少ない']","['いう', 'する', '怒る', '怒る', 'する', '言う', 'やりとげる', '計画', 'たてる', '動く', '飲む', '行く']","['顔', '何事', '自分']"
609,"['広い', 'めんどい', 'ない', '多い', '無い', '新しい', 'いろいろ']","['いう', 'する', 'なる', '我慢', 'する', '引く', 'する', '収める', 'する', '言う', '出世', '結婚', '願望', 'サービス', '普及', 'する', '出揃う', '検討', 'する', '連絡', 'する', '頑張る', '話', 'する', 'する']","['心', '揉め事', '自分', '当たり障り', '性格', '欲', 'テクノロジー', '一般', 'モデル', '友達', '兄妹', '自分', 'めった', '初対面', '人', 'それなり']","['広い', '良好', '大人しい', '静か', '大人しい']","['許容', '納得', 'する', '受け入れる', '関係', '入院', 'する', 'する', '助ける', 'ある', '悪化', 'する', '生活', 'する', '生活', 'する', 'いう']","['範囲', '兄妹', '自分', '持病', '症状', 'どちら', '引っ込み思案', 'インドア']"
613,[],['回答'],[],[],"['信頼', 'できる', '行動', 'ある']","['倫理', '人物', 'ひと']"
614,"['不安', '新しい', '好き']","['なる', '取り組める']",['気'],[],"['対応', '持つ']","['仕事場', 'お客', '何事', '興味']"
615,"['身近', '厳しい', 'ない', '軽い']","['なる', 'ある', '面接', '落とす', 'なる', '集中', 'もつ', 'ある', 'ある', 'ある', '行く']","['人', '傾向', '気', '最後', '詰め', '口', '人', '興味', '場所']",[],[],[]
622,"['ない', 'ない', 'ない', 'ない', 'ない']","['わかる', 'わかる', 'わかる', '思う', 'わかる', 'わかる']",[],"['ない', 'ない', 'ない', 'ない', 'ない', 'ない']","['わかる', 'わかる', 'わかる', 'わかる', 'わかる', 'わかる']",[]
623,[],[],[],['ない'],['回答'],[]
625,"['良い', '狭い']","['守る', '許せる', '任す', 'やり遂げる', 'アルバイト', '応募', '続ける', '考える', '誘える', '関係', '思う']","['マナー', '人', '基本', '人当たり', '自分', '友達', '交友']","['悪い', '面倒い', 'ない']","['否定', 'する', 'なる', 'する', '動く', '出せる', 'ある', '話す', '好く']","['自分', '機嫌', '笑顔', '興味', '消極', '受け身', '性格']"
630,"['大切', '広い', '嫌い', '狭い', 'いい', '怖い', '的確', '正確', '積極', '怖い']","['思う', '接す', '分かる', '許容', 'なる', '対す', '許容', 'なる', '感じる', 'なれる', '感じる', 'みる', 'する', '果たす', '来る', '出る', '行動', 'できる', 'やる', '失敗', 'する', '判断', 'する', '考える', '行動', 'する', 'なる', '考え出す', '行動', '移す', '否定', 'する', '話す', '会う', 'する']","['私', '自身', '人', '範囲', '相手', '範囲', '真', '感じ', '人', '責任', '自分', 'しっぺ返し', '考え', '瞬時', '理想', 'それ', '方法', '相手']","['ない', '難しい', 'いい', 'いい', 'いい', '悪い', '強い', 'いい', '面倒', '適当', '速い', '軽率', '積極', 'ない', 'ない', '速い', '得意']","['する', '話', '聞く', '話す', '送る', '理解', 'する', 'わかる', '返事', 'する', '暴言', '帰る', '変える', '見える', '頼れる', '思う', '演じる', 'とる', '特定', '見る', 'する', '思う', '扱い', 'する', '回転', '思う', '考える', '出す', '傷つける', '思う', '見せる', '思う', 'する', '行動', 'する', '世話', '焼く', '来る', 'する', '感謝', 'する', '回転', 'まくし立てる', '話す', '負ける', '接す']","['相手', '人', '主語', 'メッセージ', '相手', '態度', '人', '相手', '感じ', '人', '相手', '感じ', '態度', '人', '責任', '人', '顔', '人', '相手', '頭', '口', '私', '人', '自分', '人', 'メッセージ', '返信', '人', '返信', '何', '返信', '頭', '相手', '人']"
631,"['カリカリ', '多い', '限り', '厳しい', '悪い', '冷たい', '済まない', 'ない', '冷静', '身近', '慎重', '大事', '好き', '積極', '強い', 'ない', '大好き']","['する', 'つく', '違う', 'みる', '思う', '変貌', 'する', 'ふるまう', '相殺', 'する', '試みる', 'ある', '思う', '接す', '違う', 'する', '言う', 'する', 'とる', 'やる', 'ある', '思う', '気づく', '考える', 'あきらめる', '放り出す', 'する', '思う', '判断', 'できる', '思う', 'なる', '思う', 'ふるまう', '変わる', '直感', 'する', '考える', 'なる', '突き進む', '行く', '行動', 'する', '行動', '考える', '工夫', 'する', 'する', '発表', 'する', '行動', '移す', 'する', '出る', '思う', 'ふるまう']","['イラ', '人', '面', '出来事', 'マイナス', '場面', '他', '生理', '鬼', '期間', '菩薩', '鬼', '夫', '感じ', '周り', '人', '文句', '中間', '自分', '何', '気', '責任', 'それ', '責任', 'ただ', '性質', 'そこ', '責任', '責任', '人', '自分', '自分', '他人', '考え', '感覚', '人', 'ひと', '中間', '場所', '気持ち', '他力本願', '物事', 'それ', '他人', '自分']","['薄い', 'ない', '広い', '嫌い', '厳しい', '不機嫌', '長い', '端的', '多い', '悪い', '少ない', '仕方', 'うすい', '欲しい', '慎重', '極端', '怖い', 'よい', '軽やか', 'ない', '苦手', '不安']","['接す', 'する', '批判', '抱く', '持つ', 'いう', '忘れる', '思う', '話す', 'はしょる', '伝える', '失敗', 'する', '誤解', 'する', 'やる', '頼む', 'メモ', 'とる', '忘れる', '忘れる', 'する', 'メモ', 'とる', 'する', '行動', '思う', '発言', 'する', '考える', 'ある', '考える', '発言', 'する', '注文', 'する', 'する', '後悔', 'する', '読む', 'する', 'いう', '買い物', 'ある', '推す', '購入', 'する', '選ぶ', '支持', 'する', '動く', '動ける', '思う', '伝える', '避ける', '話す', '見つける', '乗る', '聞く', '知る', '話す', '続く', '開示', 'する']","['関心', '人', '心', '半面', '人', '何', '根', '言葉', '感じ', '自分', '気持ち', '責任', '場', '雰囲気', 'そこ', 'メニュー', 'クリック', '好条件', '真ん中', '自分', 'こちら', '考え', '波', 'サー', 'ファー', '自信', '人', '言葉', '自分']"
633,[],"['こだわる', '外出', '確認', 'する', 'かわる', 'する', 'ある']","['物事', '火の元', '好み', '人見知り']","['多い', '良い']","['ある', '約束', '守る']","['文句', '裏表', '人当たり']"
634,"['無口', '好き']","['重ねる', '立てる', 'なる', '行く', '行動']","['腹', '頭', '丸刈り', '当たり']",[],[],[]
635,['狷介'],['いえる'],['調子'],"['つよい', 'ない']","['質問', 'ぼんやり', 'する', '答える', '判断', 'できる', '遭遇', 'する', 'わかる', 'できる', '出かける', '話しかける']","['偏見', '先入観', '自分', '一般', '場面', '日本語', '世界中', '誰']"
636,"['嫌い', '慎重', '正直']","['よる', 'よる', '嫌う', 'よる', '行う', 'する', 'する']","['人', '奴', '内容', '何事', '何', '出来事', '人付き合い']","['明るい', '慎重']","['言う', '聞く', '頼る', 'よる', '思う', '磨く', '試験', '挑戦', 'する', '話せる']","['片付け', '職場', '自分', '資格', '誰']"
637,[],"['広がる', '話', '広がる', '話', '広がる', '話', '広がる', '話', '広がる', '話', '広がる']",[],"['優しい', 'うまい', 'よい', '広い']","['話', '持つ', '広がる', '意見', 'する']","['欠', 'パワー', '顔']"
641,"['優しい', '良い', '多い', '腹黒い', '慎重', '慎重', '高い']","['できる', 'ある', '接する', '思う', 'できる', 'ある', '言う', '思う', '言う', '実現', 'できる', '持つ', '発言', 'する', '思う', '行動', 'する', '早とちり', 'する', '思う', 'ある', '率先', 'する', '取り組む', 'なれる']","['自分', '自身', '人', '初対面', '人', '感じ', '自分', '自分', '責任', 'たま', '基本', '自分', '興味', 'コミュニケーション', '誰']","['ない', '悪い', '慎重']","['怒る', '見る', 'する', '思う', 'いる', '思う', '全う', 'する', '努力', 'する', '思う', '信頼', 'する', '導き出す', 'いう', '思う', 'ある', '向かう']","['人', '自分', '責務', '誰', 'どちら', '興味', '感じ', '誰', 'フレンドリー']"
643,"['旺盛', '多い']",[],"['好奇', '外国', '友達', '社交']",['明るい'],"['許す', '笑わせる', 'なごむ', '頼む', 'やる', 'なる', 'つく', '話せる']","['大抵', '場', '心', '支え', '人', '消極', 'イラ', '場', '誰']"
645,"['いい', 'いい', 'すごい', 'すごい', '不安', 'いい', 'いい']","['思う', '思う', '思う', 'いる', '思う', 'いる']","['最高', '最高', '魅力', '最高']","['微妙', 'すごい', 'いい', 'いい', 'いい', '正直', 'いい']","['思う', '思う', '思う', 'いる', 'いえる', '思う']","['最高', '炉', '最高', 'どちら', '感じ']"
647,"['悪い', '積極', 'ない']","['なす', '見える', 'する', '考える', '付き合える']",['大人'],[],"['見渡せる', '尊敬', 'する']","['ポーカー', 'フェイス', '人見知り']"
650,[],[],[],[],['回答'],[]
654,[],"['見る', '見る', 'する', '切り替える']","['八方美人', '場面']","['単純', '適当', '無い', 'ない']","['言う', '思う']","['短気', '人', '知的', '度胸', 'どちら']"
657,"['ない', '激しい', '遅い', 'よい', 'スムーズ']","['融通', '利く', 'ある', 'チャレンジ', 'する', 'すすめる']","['あまり', '他人', '興味', '人見知り', '初動', '人間', '最初', 'きっかけ', '自分', 'あと']",[],"['図れる', '見る', 'ある', 'おもう', '保守', '思う', '交流', 'する']","['他人', '距離', '偏見', '人', '本人', '責任', '人間', '身内']"
659,"['寛容', '悪い', '慎重', '軽率', '嫌い', '嫌い']","['つける', '生活', 'できる', '思う', '放置', '放任', 'する', '対応', 'する', '越える', '行動', 'なる', '変化', '衝突', '避ける']","['相手', '折り合い', '人見知り', '人当たり', '相手', '事柄', '基本', '一線', '人', '人間']","['完全', '好き', '良い', '慎重', '軽率', '積極', '面倒']","['反する', '否定', 'する', '尊敬', 'できる', 'もつ', 'あたる', '放置', 'ある', '関係', '合う', '入る', '会話', 'する']","['自分', '中心', '自分', '考え', '思い', '人間', '自分', '責任', 'それ', '頭', '人間', '人付き合い', '自分', '欲望', '趣旨', '消極', '酒', '誰']"
660,[],[],[],"['偉い', '新しい', '見苦しい', '低い', '多い']","['接客', 'する', 'する', 'できる', '回す', 'ミス', 'する', '恐怖', 'ある', '言い訳', 'する', '挑戦', 'する', '思う', '話', '合う', '話', '盛り上がる']","['客', '立場', '人', '何', '自身', '社交', '知性']"
662,"['優しい', '前向き', 'いい', 'ない']","['ある', 'なる', '通用', 'する']","['許し', '心', '人間', '社会', '責任', '社会', '軽率', '社会', '自分', '人', '社交']","['広い', 'まじめ', '前向き']","['教育', 'なる', '教育', '持つ', '教育', '教育', '教育', '関係']","['心', '悪人', '責任', '家庭', '家族', '家族', '自己', '責任', '関わり']"
664,"['いい', 'うまい']","['いえる', '管理', '発言', 'する']","['愛想', '中間', '性格']","['悪い', 'ない', '慎重', '積極']",['管理'],"['お互い', '中間', 'それなり', 'お互い']"
671,"['いや', '悪い', '新しい', '可能', '新しい', '面倒', '必要']","['気に入る', '受け流す', 'なくなる', 'ある', 'する', '思う', '結婚', '継続', 'する', '始める', '調査', '行う', 'やる', '話せる']","['怒り', 'しよう', '感じ', '顔つき', '他人', '最低限']","['多い', '新しい']","['気に入る', '受け入れる', '差別', 'する', '引越し', '分', '搬送', 'する', '搬送', '手続き', '後始末', '行う', '知る', 'やる', 'やる', '頼る', '頼る', 'いる', '無視', 'する', '実行', 'する', '関係', '作る', 'ある', 'なる']","['自分', '職業', '人', '本人', '荷物', '子供', '荷物', '残り', '自分', '人', '人', '手順', '人間', '趣味', 'サークル', 'ドック', 'ラン', '人', '知り合い']"
674,"['普通', 'ない']","['昇格', '喜べる', '行動']","['人前', '短期間']",[],[],[]
675,['ない'],['解答'],[],[],[],[]
676,[],[],[],[],[],['柿原']
677,[],"['やり遂げる', '継続', 'できる', '遣う', '思う', '嫌う', 'かかわる']","['さいし', '自分', '基本', '最後', '人間', '他人', 'とこ', '気', '人間']",[],[],[]
684,['慎重'],"['重ねる', 'なる']",[],['適当'],[],['割']
686,[],"['介護', '頑張る', '回答', '活動', 'する']","['家族', 'ボランティア', '絵本', 'ママ']","['好き', '余計', '積極']","['困る', '掛ける', 'する', '見る', '聞く', 'する', '滑る', 'いう', '待つ', 'リレー', '練習', 'する', '掛ける', 'する']","['不馴れ', '声', 'お喋り', '口', 'どちら', '最初', '体育', '大会', '自主', 'メンバー', '声']"
689,"['広い', '良い', '普通', '静か', '好き']","['仕事', 'もつ', '知る', '出す', '関係', '広げる', '過ごす']","['心', '外面', '責任', '手', 'これ', '交友', '社交']","['自由', '良い', 'ない', '軽率', '多い']","['行動', '口出し', 'する', 'できる', '言える', 'ある', '行動', 'する', '発言', 'する']","['私', '外面', '何', 'お金', '立場', 'ネット', 'ネット', '社交']"
691,[],[],['かし'],[],[],[]
694,"['ない', 'ない', '嫌', '慎重']","['反省', 'する', 'ある', 'みる', '存在', '思う', 'ある', 'さく', '逃げる', '考える', 'なる', 'やる', '思う', 'ある', 'ある', '思う', '評価', '思う', 'する']","['自己', '中心', '考え', '他人', '自分', '可', '不可', '自分', 'あと', '引っ込み思案', '自分', '他人', '自分', '気']","['ない', 'ない', 'ない']","['仕事', '仕事', 'する', '思う', '会う', '仕事', 'わかる']","['付き合い', '用事', '付き合い']"
695,['狭い'],"['喋る', '逃げる', 'やる', '後悔', 'する', '出る', '会う', '思う']","['仏頂面', '人']",['色々'],"['看護', '突っ込む', '出る', 'なる']","['仏頂面', '手', '友達']"
696,"['細かい', '悪い', 'だめ', '必要', '楽']","['なる', '思う', 'する', '買う', '考える', '決める', '変わる', '行動', 'する']","['気', '人当たり', '自分', '物', '物事']","['ない', 'ない', '慎重']","['意見', '噛み合う', '違う', 'ある', '見える', '感じる', '行動', 'する', '思う', '外出', '落とす', 'する', 'やる', '行動', 'する']","['自分', '責任', '人', '興味', '責任', '持ち物', '家', '自分', '趣味']"
699,['ない'],"['なる', '気に入る', '思う', 'する', 'ある', '思う', '思う', '頼む', 'はやる', 'する', '行動', 'する', '活動', '参加', 'する']","['自分', '思い', '自分', 'まり', '基本', '自分', '社会']","['好き', '悪い', '好き', '慎重', '好き', '積極', '良い']","['する', '見える', '思う', 'する', '執着', 'する', '抜ける', 'ある', '思う', 'する', '思う']","['自分', 'それ', '周り', '自分', '感じ', '自分', '基本', '自分', '外交']"
700,['いい'],"['する', '思う', '話', '聞く', '仕事', '進む', 'できる', 'やる']","['職場', '感じ', '家庭', '家庭']","['うまい', '入念']","['話しかける', '付き合う', '話す', '準備', 'する', 'する']","['近所', '方々', '家計', '保険', '近所', '高齢', '長話']"
702,[],[],[],[],[],[]
705,['ない'],[],[],['ない'],[],[]
713,"['悪い', '多い', '積極']","['許せる', '開く', '見える', '信用', 'する', '言う', '広まる', '叩く', 'なる', '思う', '思う']","['心', '人', '心', '感じ', '会社', '人', 'りよ', '悪口', '陰口', '社交']","['狭い', 'ない', '良い', '楽しい', '軽率', 'ない']","['思う', '会話', 'ある', '言える']","['心', '機嫌', '責任', 'どちら', '他人', '社交']"
714,[],[],[],['深い'],"['考える', '行動', '移す']",[]
716,"['悪い', '軽はずみ', '積極', 'すき']","['怒る', '話しかける', '思う', '持つ', '終わる', '行動', 'する', '外出', '思う']","['感じ', '最後', '責任', '社交']","['良い', '悪い']","['怒る', '考える', '考える', '引く', 'こもる']","['外面', '自分', '自分', '家', '感じ']"
718,[],[],[],[],['なる'],[]
725,[],[],[],[],[],[]
726,"['ない', 'ない']","['回答', '回答']",[],[],[],[]
732,['ない'],[],"['海', '斗']",[],[],[]
736,['ない'],[],[],[],[],[]
738,[],[],[],[],[],[]
740,"['狭い', '良い', 'ない', '慎重']",[],"['心', '感じ', '責任', '消極', '社交']","['狭い', '良い', 'ない', '慎重']",[],"['心', '感じ', '責任', '消極', '社交']"
742,"['人的', '若い']","['言える', '話', '合わせる', '出来る', 'ある', '負う', '敬遠', '言える', '比べる', 'なる', '飲む', 'いく']","['どちら', '年齢', '責任', 'どちら', '物事', '消極', '平気']","['多い', '親しい', '多い']",['決める'],"['自分', '友人']"
745,[],['なす'],[],[],[],[]
747,"['おおらか', '旺盛']",['思う'],"['自分', '好奇']","['細かい', '細かい']",['する'],[]
749,"['嫌', '短気', '多い', '慎重', '多い', '色々']","['思う', '縮める', 'なる', '使う', '頼る', '尽くす', '失敗', 'やる', '思う', 'チャレンジ', 'する', '出す', 'する', '会話', 'できる']","['人', '距離', '気', '手', '手', '人見知り']","['優しい', '短気', '悪い', 'ない', 'ない', 'ない']","['ある', '婚姻', '仕事', '辞める', '苦労', 'する', '計画', '辞める', '立つ', 'する', '失敗', 'する', 'する', '関係', '辞める']","['面', '人', '程度', '収入', '会社', '事業', '興味', '何', '好き嫌い', '職場', '対人']"
766,"['短い', '短気', '面倒臭い']",['守る'],"['気', '人見知り', '期限', 'インドア']","['良い', '新しい']","['失敗', '許す', '仕事', 'する', '挑戦', 'する', '挨拶', 'する']",['人当たり']
767,[],[],[],"['ない', 'よい', 'よい', 'よい', 'よい']",[],[]
768,"['ない', 'ない', 'ない', 'ない']",[],[],"['ない', 'ない', 'ない', 'ない', 'ない', 'ない']",[],['なに']
774,"['狭い', '苦手']","['なる', '感じる']","['新潟', '責任']",[],[],[]
778,['ない'],"['する', '関わる']","['どちら', '人']",['良い'],"['我慢', 'する', '頼る']","['私', 'わがまま', '私', '私', '家族', '人当たり']"
779,[],[],['め'],"['やさしい', 'まじめ', '慎重']",[],[]
784,"['穏やか', '不安']","['成長', '対立', 'する', 'なる', '退職', '就職', 'する', '仕事', 'する', '知る', '呼ぶ']","['四国', '遍路', '亡父', '経済', '自己', '後遺症', '名前', '近所', '兄ちゃん']","['問題', '温厚', 'ない']","['なくなる', '配る', 'ある', '動じる']","['憂', '経済', '不可', '専業', '主婦']"
788,"['悪い', '積極']","['いえる', '回答']","['どちら', 'たま', '感じ', '社交']","['好都合', 'いい', 'ルーズ', '好き', '多い']","['言える', 'する', 'ある', '感じる', 'ある', '行動', 'ある', '減る', 'すぎる']","['どっち', '自分', '人', '顔', '責任', 'お金', '気持ち', '本気', '関わり', '人', '社交']"
789,"['ない', '雑']","['ある', 'いえる', 'ある', 'ある', '話しかける', '外出', 'する']","['情', '愛想', 'どちら', '身長', '自分']","['いい', '慎重']","['わかる', '押す', '潰す', 'なる', '思う', '知る', '喋る']","['愛想', '責任', 'そこ', '消極', '人', '人']"
790,"['つらい', 'ながい']","['思う', 'うかれる']",[],['面倒'],"['困る', '給与', '関わる', '思う']",[]
792,"['短気', '厳つい']","['喧嘩', 'なる']","['騒ぎ', '顔', '身体']","['少ない', '少ない']","['変化', 'わかる', '変化', 'わかる', 'いる', 'ある', '思う']","['表情', '表情', '社会', 'それなり', '地位', '社交']"
795,"['広い', '狭い']","['見せかける', 'ある']","['責任', '場面', '場面']","['激しい', 'ない', '必要', 'ない', 'ない', '積極', 'ない']","['する', '間違える', '確認', '買う']","['裏表', '私', '責任', '場面']"
798,[],"['成功', '喜べる', '仕事', '休む', '目立つ', '鬱気']","['他人', '八方美人']","['ない', 'ない']","['喋る', '仕事', 'ある', '居る']","['何事', '関心', '責任', '家庭', '責任', '関心', '友達']"
800,"['明るい', '元気', 'ない']","['思う', '言える']","['人', '気分', 'どっち', '人見知り']","['朗らか', 'ない']","['思う', '出す', '一緒', 'いる', 'フォロー', 'する', 'ある', 'チャレンジ', 'する', '出かける']","['人柄', '口', 'なん', '毎日', '日', '中']"
805,"['穏やか', '良い', '好き', '好き', 'ない']","['関係', 'いる', '思う', '仕事', '頑張る', '心配', '考える', '行動', 'する', '仕事', '出る']","['自分', '利害', '大抵', '人当たり', 'マンション', '理事', 'やる気', 'ママ', '友', '付き合い']","['短気', '真剣', '高い', '義理堅い', 'ない']","['ある', '言う', 'ある', '仕事', '行動', 'ある']","['ブラック', 'ジョーク', '友達', '数']"
806,['いい'],[],['なか'],[],[],['あな']
808,['積極'],"['仕事', '仕事']","['ケースバイケース', '真ん中', 'プライベート', '消極']",[],"['対応', 'する']",['相手']
810,"['ない', 'ない']","['許す', 'ある', 'しゃべる', 'ある']","['タイプ', 'どちら', '自分', '友達', '付き合い']",['やさしい'],"['理解', 'する', '仕事', 'ある', '生きる', 'やる', 'いる']","['責任', '自分', '友人']"
815,"['ない', '強い']","['回答', '冷める', 'みる', '信じる', '警戒']","['愛嬌', '目', '人', '相手']",[],"['見える', '回答', '回答', '回答', '回答', '回答']",['本心']
818,"['小さい', '良い', '薄い']","['悩む', 'する', '与える', '遂行', 'する', '努力', 'する', '早合点', 'する', 'ある', '入る']","['他人', '初対面', '印象', '任務', '天然', 'スイッチ', '消極']","['良い', 'めんどい']","['思う', 'みる', 'みる', '入る', '見る', 'やる', 'はやる', 'する', '行動', 'する', 'する', '打ち解ける']","['人', '立場', '目上', '自分', '世界', '周り', 'タイプ', 'ノー', 'プラン', '物怖じ', '誰']"
820,"['冷たい', '慎重', '慎重', 'すごい', '積極', '冷たい']","['貸す', 'いう', '貸す', 'する', '決める', 'やり遂げる', '警戒', 'する', '考える', '言う', 'なれる', 'なる']","['お金', '人見知り', '最初', '印象', '周り', '最初', '社交']","['神経質', '無責任', '簡単', '旺盛', '新しい']","['好く', 'ある', '考える', 'ある', 'チャレンジ', 'する', 'なる']","['誰', '部分', '物事', '好奇', '誰']"
822,['ない'],"['回答', 'する']",[],"['ない', 'ない', 'ない', 'ない', 'ない', 'ない']",[],[]
825,"['ない', 'ない']","['回答', '回答']",[],[],[],[]
826,[],[],[],"['ない', '陰険']",[],['いとう']
829,"['良い', '慎重', 'ない']","['一人暮らし', 'なる', 'する', '思う', '意識', 'ある', '仕事', '持つ', '思う', '楽観', 'ある', '失敗', 'する', '仕事', '実行', '移す', '仕事', '失敗', 'する', '出くわす', '引き伸ばす', 'やる', '話しかける']","['内心', '楽しみ', '他人', '割', '組長', '責任', '主義', '地区', '組長', '内容', '別け隔て', '他人']",[],[],[]
830,['温厚'],"['分かる', '分かる']",[],"['ない', '優しい']","['頼れる', '分かる', '探究', 'ある', 'なる']",['誰']
833,[],[],[],[],[],[]
836,"['狭い', '広い', '良い', 'そそっかしい', '薄い', '良い', 'ない']","['混在', 'する', '言う', 'ある', 'する', '言う', '死ぬ', 'する', '付き合う']","['部分', '部分', '愛想', '周り', '消極', '占い', '人', '縁', '親友', '中', '友達', 'あまり']","['狭い', '広い', '良い', '前向き']","['ある', 'ある', 'いる']","['部分', '部分', '外面', '警察', '幹部', '出身', '人柄', '近所', '地元', '職場', '仲間']"
837,"['ずるい', '軽い']","['死ぬ', '見る', 'わかる', '死ぬ']",['口'],['軽い'],['怒る'],['口']
840,[],[],[],[],"['行く', '話', 'する', 'なる', '言う']","['ライブ', '友達']"
841,[],"['ある', 'ある', 'ある', 'ある', 'ある', 'ある']",[],[],"['ある', 'ある', 'ある', 'ある', 'ある']",['ありま']
844,['誠実'],[],['温厚'],[],[],[]
846,['優しい'],"['言う', '与える', 'やる', '通信', '書く', '思う', '嫌う']","['消極', 'お子さん', '消極', '人']",['怖い'],"['する', '障る']",['見た目']
848,[],[],[],[],[],['一般']
851,[],[],[],['うい'],['ゆく'],[]
852,[],[],[],"['ない', 'ない']",[],[]
854,['狭い'],"['思う', 'わかる']",['消極'],['ない'],"['する', 'あう', 'わかる', 'わかる', 'する']","['やつ', '考え', '気']"
859,"['破天荒', '寛大', '嫌', '適当', '失礼', '嫌', '積極', '好き', 'ない']","['する', 'する', 'ある', '思う', '言う', 'する', '思う', 'やり遂げる', '考える', '行動', 'する', '似る', 'なれる', 'ある', '接する']","['自分', '人', '誰', '相手', 'こ', '相手', '最後', '何', '考え', '人']","['自由', '好き', '嫌', 'ない', 'ない', '特別', 'ない', '積極', '積極']","['する', 'やる', '反対', 'する', '言う', 'する', 'する', '見る', '仕事', 'ある', '行動', '起こす', '任せる', '仕事', '関係', '飲む', '行く', 'する', '行く']","['子供', '進路', '本人', '人', '悪口', '顔', '責任', '家', '責任', 'エピソード', '子供', '何', '自分', '私', '人', '私', 'どこ']"
860,"['嫌い', '多い', '冷静']","['言う', '意識', '着ける', '実行', 'ある']","['人', '人', 'プロ', '身']","['悪い', 'ない']","['言える', 'ある', '思う', '思う', '言える']","['どちら', '印象', 'どちら', '社交']"
862,"['ない', '多い', '多い']","['思う', '話しかける', '持つ', '感じる', 'なる', 'なる', '決める', 'かかる', '話しかける', '躊躇', 'する', '出る', '障る']","['どちら', '印象', '物事', '結末', '気', '優柔不断', '物事', '人', '人見知り', '人見知り']","['広い', '極端', '狭い', '良い', '深い']","['感じる', 'ある', 'ある', '感じる', 'ある', '転嫁', 'する', 'ある', '考える', '行動', '移す', 'ある', '思い込む', '行動', 'する', '電話', 'かける', '拒否', '反応', '示す', 'ある']","['心', '心', '八方美人', '表向き', '感じ', '責任']"
864,[],"['選ぶ', '計画', '使い分ける']","['相手', '何事', '相手']",[],[],"['ナシ', 'ナシ', 'ナシ']"
865,[],['活動'],['ボランティア'],[],[],['ボランティア']
867,[],[],[],[],"['左右', 'する']",['機嫌']
868,"['広い', '狭い', 'ない', '普通', '慎重', '気さく']","['思う', '思う', '負う', 'いる', '行動', '対応', 'できる']","['物事', '不祥事', '自分', '気持ち', '物事', '言動', '誰']",[],[],[]
869,[],"['起伏', '内向']","['感情', '性格']",['いい'],[],"['気前', '見た目', '性格']"
870,"['面白い', '平和', '新しい', '好き']","['いる', '感じる', '実行', 'する', 'すむ', '考える', '行動', 'する', '始める', 'する', 'なれる', '話す']","['人', '主義', '気', '人見知り', '何']","['柔らかい', 'エネルギッシュ', '気軽']","['受け入れる', '頼む', 'やり遂げる', '考える', '行動', 'する', 'ある', '話しかける']","['なん', '印象', '最後', '好奇']"
872,['ない'],[],['カイト'],['ない'],[],['カイト']
883,"['寛容', '明るい']",['なれる'],['誰'],"['明るい', '明るい']",[],[]
885,[],[],[],[],[],[]
886,"['無愛想', '軽はずみ', '新しい']","['失敗', 'つく', '行動', 'なる', '生活', '行動', '持つ', '行動', 'する', '生活', '考える', '行動', '取る', 'チャレンジ', 'する', '話しかける']","['ひと', 'イラ', '集団', '初対面', '人', '日常', '責任', '日常', '物事', '後先', '初対面', '人', '自分']","['優しい', '早い', 'ない']","['受け止める', '接す', '持つ', '背負う', '買い物', 'かんがみる', '買う', '生活', '判断', '持てる']","['私', '自身', 'わ', '笑顔', '私', '自身', '責任', 'コストパフォーマンス', '日常', '物事', '男女', '隔たり', '誰', '交友']"
892,[],[],[],[],"['回答', 'いなす']",[]
898,[],[],[],[],[],[]
899,[],['回答'],[],[],[],[]
903,[],['ある'],['あし'],['悪い'],['なる'],[]
904,[],[],[],['ない'],[],[]
906,[],[],[],[],[],['菜']
908,['短気'],[],['笑顔'],[],[],[]
909,['ない'],[],['愛想'],"['冷たい', '真面目', 'いい']","['仕事', '言う', '言う']",['言動']
913,"['悪い', 'ない', 'ない', '軽率', 'ない']","['言える', 'しゃしゃり出る', '言える']","['何', 'あまり']","['悪い', 'ない']","['言える', 'しゃしゃり出る', 'しゃしゃり出る', '言える']","['何', 'なん']"
917,"['広い', 'いい', '慎重', '積極', '無い']","['思う', '思う', 'ある', '思う', '思う']","['感じ', '責任', 'どちら']","['広い', '悪い', '慎重', '無い']","['思う', '思う', '言える', '行動', 'する']","['心', '感じ', 'どちら', 'どちら']"
918,"['公正', '公平', 'うまい', '不良', 'ない']","['前述', '振り回す', '経験', '心掛ける', '判断', '要する', '治療', '受ける', '達す', '質問', '判断', '付く', '伝える', '思う', '考える', '逃す', '経験', '判断', '急ぐ', 'ある', '判断', '付ける', '予定', '変更', 'ある', '生活', '蔑む', 'なる', '経験', '付く', '離れる', '越す', '思う']","['母', '私', '自身', '精神', '医療', '気分', '落ち込み', '最高潮', '機会', '上記', '軽率', '体調', '家庭', '社会', '両方', 'からかい', '対象', '対人', '不信']","['軽率', '慎重', '面倒', '迷惑', '無理', 'ない']","['思う', 'いう', '引く', '押し入る', '結婚', '生活', '就職', '呼ぶ', '嫁ぐ', '介護', 'する', '着せる', 'しく', '言う', '慣れる', '作業', '押し付ける', '罹患', 'する', 'する', '非難', 'する', 'ある', '判断', '持ち合わせる', 'する', 'やる', 'かける', '出来る', '思う', '執着', 'する', '妄想', '取れる']","['精神病', '家族', '自身', '他者', '境界', '他者', '永久', '年寄り', '恩', '人任せ', '他人', '家族', '病人', '様子', 'お前', 'お前', 'お前', 'お前', '切り', '私', '思い込み']"
919,"['ない', 'ない']",[],['いとう'],['ない'],[],['いとう']
920,"['忙しい', '横柄', '自分勝手', '慎重', '新しい', '好き', '得意']","['なる', 'やる', '思う', 'チャレンジ', 'する', '合わせる']","['ていっぱい', '態度', '自分', '物事', '人']","['新しい', '好き', 'うまい']","['考える', '合わせる']","['自己', '中心', '自己', '中心', '自己', '中心', '自分', '周り']"
921,[],"['おこる', 'おこる', 'ある', '予定', '決める', 'みしる', 'みしる']","['ふつう', '先', 'ひと', 'ひと']","['優しい', '軽率']","['思う', '飲食', '注文', 'する', '営業']","['笑顔', '責任', '人並み', 'マン']"
922,"['ない', 'ない', 'ない']",[],"['いとう', '解党', '顔', '津']",['ない'],[],['海津']
923,"['優しい', '優しい', '強い', '慎重', '積極']",['なれる'],"['誰', '誰', '責任', '何事', '何事', '誰']","['優しい', '良い', '強い', '慎重', '積極']",[],"['誰', '感じ', '何事', '責任', '何事', '何事', '社交']"
924,"['広い', '悪い', 'ない', '無愛想', '問題', 'ない', '慎重', '軽々しい', '弱い', '積極', 'うまい']","['許せる', 'する', 'する', '見る', '直面', 'する', '逃げる', 'やる', '通す', 'する', '行動', 'する', 'はなれる', '取れる']","['心', '自分', '感じ', '他人', '印象', '最後', '何', '気', '受け身', '人', 'コミュニケーション']","['狭い', '気難しい', '良い', 'ない', '強い', '問題', 'ない', 'ない', 'アクティブ']","['取る', '許容', '言える', 'ずば抜ける', '思う', '投げ出す', '動く', '取る']","['人', '揚げ足', 'わがまま', 'キレ', '範囲', '性格', '人間', '悪人', '責任', '家庭', 'どちら', 'タイプ', '人', 'コミュニケーション', '人間']"
