1,2,3
[],[],[]
"['悪い', 'ない']","['見かける', '見る', '言う', '見る', '許す', '反応']","['愛想', '文句']"
"['直ぐ', '優しい', '真面目', '勤勉', '大人しい', '好き']","['怒る', '許す', 'する']",['インドア']
[],[],['ふつう']
[],[],[]
[],[],[]
"['ない', '詳しい', '元気']","['話', 'する', '合わせる', '知る', '話す', 'もらえる', '話す', '疲れる']","['自分', '自分', 'そこ', '付き合い']"
[],"['知る', '知る']",[]
[],[],['わり']
['多い'],[],['付き合い']
[],"['感じる', 'ある', 'かんじる', 'ある']",[]
"['普通', '普通', '普通', '普通']","['話す', '話す']",[]
[],[],[]
"['寛容', '多い', '明るい']",['ミス'],[]
"['可愛い', '真面目', 'やさしい']","['考える', '考える', '知る', '話しかける']","['自分', '家族', '笑顔', '天然', '相手', '人', '人']"
[],[],[]
[],[],[]
"['よい', '少い']","['怒る', '仕事', '考える', '行動', 'する', '話しかける', 'する']","['あまり', '愛想', '取り組み', '自分']"
[],[],[]
"['自由', '穏やか', '穏やか']","['する', 'たつ', '考える', '行動', 'する', '実行', 'する', '打ち解ける']","['人当たり', '矢面', '誰']"
['邪険'],"['疲れる', '話しかける', 'する', '近付く', 'みる']","['人物', '疑い', '目']"
[],[],[]
[],[],[]
"['普通', '非常', '胡散臭い', '暗い']","['否定', 'する', 'しれる', '叩く', '割る']","['世間', '一般', '家族', '嘘つき', '石橋', 'タイプ', '根']"
['しつこい'],"['しる', 'やる']",['いつ']
[],[],[]
[],[],[]
[],"['回答', '回答', '回答', '回答', '回答', '回答']",[]
"['おろそか', '静か', '物静か']","['言う', 'する', 'たたく', '壊す', '落ち着く']","['専業', '主婦', '家事', '文句', '人', '最高', '石橋', 'タイプ']"
[],"['感じる', '接す', '決める', 'する', 'ある']","['誰', '思いつき']"
"['いや', '良い', 'よい', '多い']","['仕事', '引き受ける', '仕事', 'する', '仕事', 'する']","['笑顔', '町内', '知り合い']"
[],[],[]
"['よい', '良い', 'よい', '多い']","['変わる', '結婚', 'する']","['げん', '愛想', '調子', 'つきあい', '友達']"
"['明るい', 'おもしろい', 'ない', '上手', '上手']","['する', '発言', 'する', '酔う', '失敗', 'する', '誘う', 'なる']","['大', '気', '責任', '女好き', '人']"
['いい加減'],"['嫌う', 'なれる']",[]
['好き'],['できる'],"['初対面', '人']"
[],[],[]
"['ない', 'ない', 'ない', 'ない', 'ない']","['回答', '回答', '回答', '回答', '話', 'かける', 'できる', '回答']",['誰']
"['細かい', '凄い', 'いい', '無い', '軽い']","['なる', '放置', 'する', '動く', '話せる']","['気', '人当たり', '自分', '自分', '誰']"
['軽い'],"['妥協', 'する']",['考え']
['よい'],['こだわる'],"['いつ', '感じ', '社交']"
"['勝手', 'ない', 'ない', 'ない', 'ない']","['妄想', '考える', '妄想', '思う', '妄想', '答える', '妄想', '答える', '考える', '妄想', '答える']",['そこ']
"['くどい', 'しつこい']",[],[]
[],[],[]
"['普通', '良い', '新しい', '苦手']","['思う', '頼む', '断る', '入る', '話す']","['人当たり', '環境', '人前']"
"['いい', '広い', 'よい', '狭い', 'いい', '念入り']","['わかる', '調べる', '言う', 'いる']","['私', '感じ', '人', '他人', '何', '自分', '人', '友達']"
['多い'],[],['友達']
"['慎重', '狭い', 'いい', '多い']","['する', '仕事', 'みる', '参戦', 'する']","['愛想', '女性', '基本', 'ライブ', '聞き役']"
['無い'],[],[]
"['やさしい', '色々']","['ニコニコ', 'する', '考える', 'する', 'する']",[]
[],"['怒る', 'なる']",['誰']
[],"['接客', 'する']",[]
[],[],[]
[],[],['かし']
"['ない', '必要', 'いい']","['思う', '経営', 'する', 'ある', '付く', '離れる', '接客', '仕事']","['私', '関心', '最低限', '付き合い', '節度', '感じ', '人当たり']"
"['ない', '広い', '悪い', 'ない', '多い', '良い']","['ある', '思う', 'やり遂げる', '持つ', '言える', '評価', 'なる', '言える', '回答', 'なる']","['私', 'こころ', '感じ', '別', '責任', 'これ', 'どちら', '自己', 'どちら', '友人', '人当たり']"
[],[],[]
['優しい'],"['ある', '話し合い', '取る', '経営', '経営']",['何']
"['よい', '強い', '軽率', 'ない', 'ない', 'よい']","['思う', '思う']","['大', '性格', '人当たり', '責任', 'タイプ', 'どちら', '人当たり']"
[],"['考える', '疲れる', '経験', '不足']","['思いつき', '物事', '社会']"
"['失礼', '広い', '鈍感', '穏やか', 'ない', '古い']","['言う', '受け止める', 'いう', 'しれる', '乗る', 'ある', '思える', '連絡', '取る', '会う', 'する']","['心', '人', '人', 'だて', 'どちら', '言動', '友達', '自分']"
['良い'],"['許す', '感じる']","['方面', '割', '対外']"
['頼り'],"['怒る', 'よる', 'なる', '考える', '行動', 'する', '行動', 'ある']","['あまり', '相手', '立場', '何事']"
[],"['する', '許す', '接客', '向く', '困る', 'する', '言える', '変わる', '誘う', 'する']","['何', '人', 'どちら', '自分', '人']"
[],[],[]
[],"['話', '聞く', 'いう', '考える', 'なる']","['物事', '誰']"
[],"['あう', 'かく']",[]
"['寛大', '普通', '多い']","['約束', '破る', '思う', '行動', 'する']","['人見知り', '自分', '友人']"
[],[],[]
['ない'],[],[]
"['寛容', '軽率', 'ない', '積極', 'ない']",['ある'],"['他', '評判', '何事', '責任', '何事', '社交']"
"['大丈夫', '清楚', '清楚', '真面目']","['遊ぶ', 'いる', 'する']","['お互い様', '見た目', '美人', '子供', '人妻', '僕', '社交']"
['無い'],"['なる', '確立', 'する', '負担', '付き合う', 'する']","['年代', '人生']"
[],[],['短気']
"['滅多', 'ない', 'いい', '真面目', 'ない', 'いい']","['怒る', 'ニコニコ', 'する', '思う', '思う']","['感じ', 'フラット', '感じ', '人', 'どちら', '人当たり']"
"['いい', '大人しい', 'ない']",[],"['ひと', '世間', '自信']"
"['いけ好かない', '忙しい', 'よい']","['仕事', '自慢', '取り入る']","['他人', '外面']"
"['完璧', 'ネガティブ', 'ネガティブ', '多い']","['受け入れる', '頼む', 'やり遂げる', 'ある', 'かかる', 'ある', '話す']","['世間', '自分', '火の粉', '性格', '引っ込み思案', '性格', '俺', '言葉']"
"['穏やか', '慎重']",[],['愛想']
"['素敵', 'ない', '慎重']","['いる', '入力', '付き合う', '来る']","['自分', '中心', '笑顔', '収入', '個人', '情報', '日本', 'インドア', 'タイプ']"
"['ない', 'ない']",[],"['可', '不可']"
"['普通', '普通', '苦手']",['喧嘩'],"['兄弟', '人見知り', '人付き合い']"
"['強い', '深い']","['理解', 'する', '受け入れる', 'なれる', '決める', 'やる', '通す', 'ある', '掘り下げる', '考える', 'できる', '行動', 'する', 'なれる']","['自分', '誰', 'タイプ', '最後', '芯', '物事', '誰']"
[],"['比べる', '比べる', '比べる', '比べる', '比べる']","['私', '私', '私', '私', '私']"
"['ない', '悪い', 'いい', 'おとなしい']","['失敗', 'する', 'する', '怒る', 'する', 'ある', '旅行', '行く', 'する', '飲む', '飲む', '思う', '喋る', '聞く', '答える']","['自分', '何', '言い方', '感じ', '家族', '車', '次', '気', '酒', '晩', '基本', '受け身', '自分', '親', '私', '親', '自分', '何']"
"['好き', 'いろいろ', 'いい']","['世話', 'ひく', 'する', '対応', 'する', 'わる', '気づく', 'やる']","['風邪', 'マスク', '体', '労', '人付き合い']"
"['ない', 'いい', 'ない', 'ない', 'アクティブ']",['いう'],"['やつ', '不可']"
['明るい'],['打ち解ける'],"['誰', '性格']"
"['おしい', 'ない', 'ない', 'ない', '無理']","['切れる', 'うつ', '見下す']","['汚点', 'なし']"
[],"['回答', 'する']",[]
"['寛容', '良い']",['する'],"['私', '人当たり']"
[],[],[]
"['面白い', '大好き', 'うまい']","['許す', '料理']","['嘘', '美人', '近所', '付き合い']"
[],[],[]
"['良い', '軽率', 'ない', 'ない']","['躊躇', 'する', '困る', '貸す', '援助', 'する', 'ある', '経営', 'ある', 'ある', '全う', 'する', '見る', '考える', '行動', 'する', '経営', '取り引き', '従業', 'とる']","['人', '手', '金銭', '対外', '人当たり', '夫', '親', '責任', '立場', '立場', '振る舞い', 'ベスト', '立場', 'コミュニケーション', 'プライベート', '社交', 'タイプ']"
['多い'],"['笑う', '立つ', '果たす']","['人前', '役割', '友達']"
"['弱い', '完全', 'かわいらしい', '生', '危ない', '元気']","['ある', 'オープン', 'できる', 'お話し', 'ある', '活動', '果たす', 'なる', 'ある', 'する', 'しゃべる']","['自分', '自身', '部分', '心', '真面目', '思いやり', '役割', '誰', '子', '年齢', '性別', '誰', '子']"
"['ない', 'かわいい', '心強い', 'ない']",['仕事'],"['理由', '理由']"
"['明るい', '元気']",[],[]
[],[],[]
"['親切', '不調']","['ドライブ', 'する', '止まる', 'いる', '止める', '話しかける', '見る', '旅行', '連れる', 'ドライブ', '行く', 'ある', '壊れる', '送る', '帰国', 'できる', '準備', 'する', '出会う', '話しかける', '出会う', '話しかける']","['誰', '車', '人', '車', '具合', '海外', '私', '何', '車', '駅', '私', 'クレタ', '旅先', '人', '旅先', '人']"
[],"['する', '喋る']",['揚げ足']
"['軽い', '多い', 'ない', 'おおい', '積極', '多い']","['生活', 'つつく', 'する', '関係', 'いう', '行動']","['ずれ', '人当たり', '友人', '自分', '自分', '場当たり', '手伝い', '友人']"
"['広い', '明るい', '前向き', '確実', '積極', '慎重', '早い', '冷静']","['ある', 'ある']","['海', '動き', '無難']"
[],['頑張る'],[]
"['柔軟', '高い']","['一緒', 'たたく', '渡る', '計画', '組む', '行動', 'する', '変更', '対応', '来る', '尊敬', 'できる']","['誰', '態度', '石橋', 'タイプ', 'プラン', 'コミュニケーション', '能力', '臨機応変']"
[],[],[]
['必要'],"['かける', '干渉', 'する', '求める', '対応', 'する', 'する', '気遣う', '発言', 'する', '思考', 'いる']","['気', '相手', 'プラス']"
['慎重'],['思う'],[]
['素晴らしい'],"['落ちる', '連絡', 'くれる', '乗る', '遣る']","['最高', '気分', 'みんな', 'なかよし']"
[],[],[]
['夢中'],"['話せる', '負う', 'する', 'やる', 'やってくる', '負う', 'する', 'のむ', 'なれる', '見える']","['他者', '本音', 'リスク', '生き方', 'リスク', '生き方', '誰']"
[],"['ある', 'ある', 'ある', 'ある', 'ある']",[]
"['広い', '普通', 'まじめ']","['受け止める', '受け止める', '位置', 'いる', '思う', '一緒']","['範囲', '人', '受け手', '立ち', '自分', '人見知り']"
['長い'],[],['付き合い']
[],[],[]
[],[],[]
"['いかつい', '悪い', '楽しい', '軽率', '新しい']","['喧嘩', '落ち着く', '話す', '会話', 'できる', '仕事', '全う', 'する', '仕事', '頑張る', 'ある', 'ある', 'やる', 'いう', 'ある', '全う', 'する', 'ある']","['わり', '見た目', '中身', '感じ', '面', '自分', '興味', '社交']"
[],[],[]
"['優しい', '力強い', '面倒', '好き']","['落ち込む', 'ある', '見る', '考える', '行動', '移す', 'できる', '行動', 'ある', 'なれる', '行動']","['たま', '気分', '人', '誰']"
"['神経質', 'ない']","['許す', '対応', 'する', '依頼', 'する', '守る', '入れる', '行動', 'ある', '対応', 'する']","['何', 'いつ', '笑顔', '念', 'いつ', 'どこ', '笑顔']"
[],"['ある', '考える', '発言', 'する']","['業務', '責任', '先']"
"['穏やか', 'にこやか', '広い']","['話す', '話す', 'する', '共通', '噂', 'する', '取れる']","['人', '知り合い', '誰', 'コミュニケーション', '人', '交友', '範囲']"
"['積極', '慎重', '積極', '広い', 'ない', '良い', '積極']","['こなす', '全う', 'する', 'やる', '心配', 'する', 'やる', 'ある', 'ある', 'とる']","['家事', '母', '任務', '母', '家事', '何', '消極', '物事', '差', 'そこ', '人脈', '仲', '人', 'コミュニケーション', '感じ']"
['軽い'],"['思う', 'いく', '話す']","['多分', '初対面']"
['うまい'],"['受け入れる', '好く', '慕う', '引き受ける', 'やりこなす', '考える', '遂行', 'する', 'やる', '決める', 'すすむ', '出る', '付き合える']","['大抵', '誰', '最後', '物事', '自分', '誰']"
[],[],[]
"['嫌', '優しい']","['仕事', 'する', '任す', 'する', 'する', 'ある', 'はやる', '遊ぶ']","['最後', '興味']"
[],[],[]
[],[],[]
['多い'],['いる'],['友人']
"['不快', '多様']","['批判', 'する', 'する', '負う', '言える', '行動', '付き合う']","['他人', '他人', '思い', '事', '責任', 'どちら', '割', '人']"
"['ない', '積極', '積極']","['叶える', '動く', 'もたれる', '断る', '話しかける', '知る', '話しかける', 'なれる']","['願い', '人', '印象', '人', '頼み', '基本', '人', '人']"
"['凄い', '丁寧', '多い', '強い']","['生きる', 'する', '看護', '思う']","['友人', '職業', '同志']"
['優しい'],"['仕事', 'ある', '行く']","['周り', '責任', '自分']"
['やさしい'],[],"['自分', '二の次']"
"['不明', '嫌']","['一緒', 'いる', 'する', '仕事', 'する']","['思い', '中間', '中間']"
"['厳しい', '厳しい', '強い', 'ない', '大切']","['忍耐', 'ある', '尊敬', 'する', '耐える', '育て上げる', '逆らう', '意見', '通す', 'あたためる', 'する']","['母', '父', '父', '両親', '言動', '私', '妹', '父', '自分', '旧交', '近所', '付き合い']"
"['寛大', 'ない']","['ある', 'できる', 'する']","['デリカシー', '損']"
[],"['わかる', '感じる', 'かんじる', 'する']","['両方', 'どちら', '人見知り']"
"['不快', '多い', 'ない', 'ない', '不快', '普通']","['違う', 'する', 'する', 'ある', '覚える', 'ある', '空回り', 'する', '経験', '聞く', 'ある', '出る', '思う', '受ける', '接す', 'する']","['相手', '相手', '思い', '人', '責任', '相手', '内容', 'どちら', '自分', '人', '社交', '言動']"
['いい'],['かんじる'],[]
"['些細', '悪い', '無害', '善良', '多い', '慎重', '良い', '物静か', '大事']","['ある', 'そこねる', 'とる', 'ある', 'おもう', '受ける', '目立つ', '関わる', 'する', 'おもう']","['行き違い', '相手', '機嫌', '態度', '基本', '物言い', '人並み', '責任', '物事', '態度', 'バランス', '感じ', '受け身', '物言い', '印象', '人', '自分', '世界']"
[],[],[]
"['人懐っこい', '大胆', '慎重']","['感じる', '感じる', 'ある', 'ある', '約束', '守る', 'ある', '思う', '思い立つ', '行動', 'する', 'ある', '知る', '打ち解ける', 'できる']","['両方', '全般', 'ユーモア', 'キャラ', '振る舞い', '根', 'タイプ', '行きつけ', '居酒屋', '人', 'タイプ']"
"['ない', '軽率', 'ない', '悪い']","['言う', '思う', '浮かぶ', '行動', 'する', '思える', '思う']","['他人', '社交', '具体', '事例', '何事', 'やる気', '人付き合い']"
[],[],[]
"['ない', '気安い', 'ない', 'ない', '多い']","['話す', '利用', 'する']","['誰', '友人']"
[],['ある'],[]
"['普通', '普通']","['つきあう', '仕事', 'する', '仕事', 'する', '考える', '行動', 'する']","['自分', '人間', '人']"
['多い'],"['する', 'よる', '対する', '変わる', 'やる', '言う', 'やりとげる', '付く', 'よる', '対する', 'よる']","['人', '物', '対象', '人', '感じ', '文句', '物音', '異変', '気', '人', '物', '人']"
['慎重'],['思う'],['どちら']
['いい'],"['おもう', 'おもう']",[]
[],"['知る', '関わる', '知る', '思う', '知る']",[]
['ない'],['解答'],[]
"['広い', 'ない']","['特定', 'いう', '読める', '挑戦', '選ぶ']","['人', '外面', '空気', '人']"
[],[],[]
"['怖い', '頼り', '早い']","['考える', '出来る', '一見', '見える', 'する', '考える', '行動', 'なれる']","['立場', 'デメリット', '誰']"
"['ダメ', '優しい', '丁寧']","['ある', '教える', '笑う', '困る', '悩む', '意見', '聞く', 'なる', 'いえる', 'わかる', '打ち解ける']","['子供', '人', 'どちら', '初対面']"
"['特別', 'ない']","['ある', '解決', 'する']","['何', '何']"
"['いい', '速い']","['ある', '行動', 'する', '抜ける', '行動', '話', '会える', '会える']","['感じ', '責任', '誰']"
[],[],"['私', '対極', '性格']"
[],"['行く', '怒る']","['自分', '風俗']"
[],[],[]
[],['やる'],[]
[],[],[]
[],[],[]
"['明るい', 'よい', '早い']","['考える', '片付ける', '買物', 'する', '思い込む', 'いける']","['子ども', '誰', 'タメ']"
['正直'],"['する', '仕事', '運転', '内向', '関係', '満足', 'する']",['気']
"['良い', 'ない', '多い']","['立ち止まる', '考える', 'ある', '率先', 'する', '作成', 'する', 'する']","['当たり', '何事', '保育園', '卒', '友達', '誰', 'フレンドリー']"
[],"['信頼', 'できる', 'チャレンジ', 'ある']",['精神']
[],"['喋る', 'する']","['誰', '人見知り']"
[],"['変わる', 'ある', '約束', '守る', '経営', '飲食', '経営', 'する', 'やる']",['感じ']
"['穏やか', '真面目', '普通']",['する'],"['性格', '消極']"
[],[],[]
"['広い', '狭い', 'ない']","['思う', 'つきあう', '考える', '病気', '辞める']","['自分', '会社']"
"['広い', '悪い', 'ない', '素敵', '悪い']",['たつ'],['床']
"['可愛い', '失礼', '慎重']","['する', '許せる', 'する', '行動', 'する']","['自分', '私', '社交']"
[],[],[]
"['ない', 'やさしい', '広い']","['怒る', '見る', 'チャレンジ', 'する', '関係']","['あまり', '交友']"
"['広い', 'すごい', '良い', '強い', '慎重', '積極']","['みる', 'しれる', '思い切る', 'できる', 'ある']","['誰', '心', '私', '感じ', '周り', '感じ', 'い', '責任', '人', '人', '基本', '人', '自分', '興味', '社交', '人間']"
"['良い', '優しい', '無駄', '慎重']","['投げ出す', '思う', '思考', '予想', 'する', 'ある', 'ある', '居る']","['当たり', '他人', 'どちら', '面', '友人', 'それなり']"
"['強い', '穏やか', '堅実']","['忍耐', '思う', '仕事', '頑張る', '頑張る', '思う', 'する', '思う']","['家事', '人見知り']"
"['ない', '真面目', '優しい', '良い', '偏屈', '慎重', '控え目']","['受け入れる', '覚える', '思う', 'なる', 'ある', 'なる', 'する', '言う', '要望', '応える', '行動', 'する', 'ある', '黙る', '行動', '移す', '上がる', 'なる', '言う', '引く']","['大概', '相手', '怒り', '感じ', 'そこ', '相手', '基本', '思い付き', 'タイプ', '年齢', 'どちら', 'タイプ']"
"['そっけ', '几帳面', '慎重', '良い']","['思う', 'ある', '仕事', '終わる', '確認', 'する', '思う', 'なる', '離す', 'なる', 'わかる']","['身内', '人', '態度', '期日', '人', '子供', '社交', '大人', 'パーソナル', '部分', '社交', '部分']"
"['良い', '誠実', '慎重', '良い', '良い']",[],['笑顔']
['多様'],[],"['バリエーション', 'シチュエーション', 'シチュエーション', 'バリエーション', 'シチュエーション']"
"['狭い', '悪い', '軽率']",[],"['心', '感じ', '消極', '社交']"
"['細かい', 'にぎやか']","['する', '話す', '言う', 'やる', 'くる', 'する', 'する']","['自分', '後回し', '笑顔', 'タイプ', '近所', 'ひと', 'テニス']"
"['意地悪', '偉い', '嫌', 'ない']","['仕事', 'する', '話す']","['それなり', '人']"
"['勝手', 'ネガティブ', '暗い']","['思う', '這う', '仕事', '向かう', '認知', '散らかす', '電話', 'する']","['切れ', 'ボケ', '根', 'おばさん']"
"['やさしい', '厳しい', '良い', '眠い', '神経質']","['誤解', 'する', '疲れる', 'やる', 'やる', 'たたく', '渡る', '行動', 'ある', '打ち解ける']","['他人', '自分', '人', '石橋', 'タイプ', '誰']"
"['黒い', '固い', '真面目', 'いい']",['見る'],"['短気', '腹', '頭', '外面', '人', '顔色']"
"['素晴らしい', 'よい', 'よい']","['付き合う', '接客', '心配']","['私', '取り組み', '感じ', '感じ']"
[],[],[]
[],[],[]
"['深い', '少ない', '広い']","['嫉妬', '主張', '関係']","['自己', '交友']"
[],[],[]
"['普通', '良い', '悪い', '普通', '積極', '多い']","['ある', 'する', 'する', '感じる', '思える', 'わかる', '思える', 'わかる']","['両面', 'レベル', 'おちょこ', '人付き合い']"
['ない'],['回答'],[]
"['おおらか', '良い', '誠実', '真面目', '誠実', 'アクティブ']","['接す', '利く', '気遣う', '思う', '落ち着く']","['態度', '私', '私']"
"['広い', 'ない']","['関係', '維持', 'する', '相当', '言える', '囚われる', '見える', '顧みる', '切り開く', '思う']","['私', '時点', '心', '感情', '責任', '何事', '自分']"
"['少ない', '良い', '真剣', '大丈夫', '真剣', '多い']","['する', '見える', '思う', '対応', '違う', '向き合う']","['私', '手柄', '自分', '周り', '人', '家庭', 'その他', '場面']"
['ない'],"['思う', '一緒', 'いる', '負担', '感じる', '仕事', '感じる', '感じる', '話す', 'できる']","['それ', 'それ', '人']"
['元気'],"['頑張る', 'お世話', 'お世話']",['チャキチャキ']
"['嫌', 'よい', 'ない', '慎重', '多い']","['ある', '出す', '許す', '持つ', '仕事', '仕事', 'やり遂げる', '思いつく', '誘う']","['顔', '気持ち', '容姿', '性格', 'そつ', '何事', '同僚']"
[],['回答'],[]
[],"['確認', 'する']",[]
[],['回答'],[]
[],"['思う', '浮かぶ']",[]
"['軽率', 'ない', '忙しい']","['受け止める', '話', '聞く', '見届ける', 'する', 'いる']","['なん', '最後', '友人']"
"['穏やか', '自由']","['落ち着く', 'する', 'いえる', 'いえる']","['感じ', '周り', '気', 'どちら', 'どちら']"
"['親しい', '親しい']","['怒る', '開く', 'やり遂げる', '考える', '行動', 'する', '付き合う', 'なれる']","['人', '人', '心', '何事', '最後', '人', '誰']"
[],[],[]
[],['いえる'],['どちら']
"['いい', '誠実', 'ない']","['知る', '警戒', 'する', '開く', '和らぐ', '喧嘩', '仲裁', '入る', '外出', 'する', 'する']","['気前', '相手', '心', '表情', '他人', '人見知り']"
"['優しい', '多い', '優秀', '真面目', '良い']","['選ぶ', '出る', '話しかける']","['友達', 'ボーイスカウト', 'スカウト', '自分', '何', '友達']"
"['良い', '柔和', '無責任', '軽い', '積極', 'いい']","['接す', 'する', 'する', '接す', '思う']","['誰', '感じ', '感じ']"
"['悪い', 'ない', 'ない', '真面目', '狭い', '低い']","['怒る', 'イメージ', 'する', '思う', '計画', '立てる', '行動', 'する']","['基本', '人脈', 'コミュニケーション', '能力']"
[],[],[]
"['厳しい', '多い']","['ある', '心配']","['面', '友達']"
"['いい', '無理', 'おっちょこちょい']","['許す', '見る', 'する', '思う', 'ある', '動く', '遮光', '思う', '思う']","['何', '誰', '感じ', '人', 'たま', '人', '社交']"
[],[],[]
"['おかしい', 'ない', '良い', '邪魔', '得意', '積極']","['する', 'やる', '言う', '死ぬ', '抜ける', '暴言', '浴びる', 'する', '見る', 'する', 'しれる', 'かわいがる', 'ある', 'する', '引っ張る', '持つ', 'する', 'する', '引っ張る', '立つ', 'わかる', 'なる', '構う', '気に入る', '飲む']","['チームリーダー', '年上', 'なす事', 'クレーム', '魂', '頭', '散々', '年下', '自分', 'リーダー', '年上', '年上', '職場', 'マネージャー', 'マネージャー', '告げ口', '足', '年上', '成績', '根', '人', '足', '自分', '上', '丸', '自分', '周り', '人', '様子', '上司']"
"['やさしい', '正しい', 'やさしい', '確実', '慎重', '積極', '親しい']","['こなす', '行動', 'する', 'ある', '取り組む', '話しかける']","['誰', '礼儀', '最後', '興味', '誰']"
"['良い', '軽率', 'ない']",[],"['当たり', '何事']"
"['優しい', 'いい']","['結婚', 'する', '居る', '存在']","['居心地', '自然体']"
"['怖い', '広い']","['ある', '経営', '乗る', 'する', 'くる']","['隔て', '顔', '会社', '誘い', '誰', '物怖じ', '顔']"
"['明るい', 'いい', '好き']","['ある', 'ある', '出歩く']","['娘', '甘え', '部分', '娘']"
['自分勝手'],"['おこる', 'やる', 'やる', 'する', 'でる']","['なに', '外']"
"['狭い', '良い', '必要', 'ない', '好き', '嫌い', 'ない', 'ない']","['話しかける', '喋る', '思う', '思う', 'する', '仕事', 'できる', '仕事', 'できる', 'いる', '仕事', '増える', 'ある', '与える', '仕事', 'やる', '挨拶', '話', 'する', '食事', 'する']","['こちら', 'タイプ', '心', '向こう', '私', '私', '責任', 'チームワーク', '自分', '事務', '会社', '付き合い']"
"['丁寧', 'いい', '丁寧', '色々', '丁寧']","['要求', 'がんばる', '応える', 'する', '対応', '守る', '要求', '頑張る', '応える', 'する', '対応', '提案', 'する']","['こちら', 'レスポンス', '期限', 'こちら', '案', '誰']"
[],[],['すき']
['ない'],['分かる'],[]
"['何気ない', '多い']","['左右', 'する', '覚える', '進む', '挑戦', 'する']","['機嫌', '一言', '友人']"
"['不機嫌', 'ない', '寛容', '悪い', '問題', '浅い', '積極', '積極', 'ない']","['除く', '拒否', 'する', '思える', '分ける', '隔てる', '接する', '見習う', '思える', 'こなす', '思う', '言う', 'なる', 'する', '関わる', '隔てる', '付き合う', 'する']","['誰', '箇所', '印象', '調子', '家事', '友人', '付き合い', '人', 'トラブル', '元', '自分', '趣味', '日頃', '誰']"
"['広い', '良い', '強い', '軽率', 'ない', '普通', '普通']",['思う'],"['心', '人当たり', '気立て', '責任']"
['積極'],['ある'],"['自分', '責任', '自分', '自分', '社交']"
"['強い', '慎重', '積極']",['任官'],"['湯沸かし器', 'タイプ', '人嫌い', '積和不動産', '社交']"
[],"['とおす', '借金', '押し付ける', 'なすりつける']","['自分', '言い分', '自分', '人', '人']"
['真面目'],"['ケンカ', 'なる', '言う', '仕事', 'いる']","['文句', '友達', '感じ']"
"['ない', '優しい', 'アクティブ', 'ない', '良い', 'ない']","['怒る', '見つめる', 'ある', 'する', '寄り添う', '転げ落ちる', '転落', 'する', 'ある', '動く']","['性格', '私', '全力', '私', 'ベッド', '階段', '人', '付き合い', '私', '人間', '付き合い']"
['下手'],"['自覚', 'ある', '考える', '行動', 'する']","['笑顔', '人間']"
[],[],[]
"['広い', '仕方', '多い', 'すごい', '自分勝手', 'わがまま', '苦手', '多い']","['病気', '思考', 'いじめる', '経験', 'ある', '接する', '繋がる', '拒否', 'する']","['兄', '精神', '障害', '心', 'マイナス', '人', '人', 'タイプ', '人']"
"['優しい', '優しい', '慎重']","['成し遂げる', '平均', '結婚', 'する', 'いる']","['何事', '友達']"
['能無し'],"['発達', '使える', '媚びる', '売る']","['障害', 'ゴマ', 'スリ']"
"['不当', '十分', '十分']","['扱う', 'ある', '思う', '果たせる', '疑う', '果たせる', '思う', '参加', 'する', '参加', 'する']","['親', '責任', '親', '責任', '地域', '行事', '地域', '行事']"
"['短気', '無理']",['する'],"['自己', '中心']"
"['短気', '多い', '適当', '苦手']",['する'],"['小言', '初対面', '人']"
"['ない', '自分勝手', '迷惑', '詳しい']","['感じる', '分かれる', '思う', '相談', '実行', 'する', '欠ける', 'やる', 'かける', 'ある', '知る', 'ある', '思う']","['場面', '自分', '誰', '責任', '周り', '人付き合い']"
[],"['入る', 'やる']","['消防', '学校', '役員']"
"['小さい', '慎重', '好き']","['注意', 'する', '信用', 'する', '冒険', 'する']","['人', '人']"
"['ない', '自分勝手', '無責任', 'よい', 'いい', '慎重', '大雑把', '良い']","['感謝', 'する', '考える', 'やる', 'ケンカ', 'する', '考える']","['周り', '人', '気持ち', '自分', '自分', '人', '仲', '自分']"
"['必要', '好き', '勝手']","['考える', '行う', '生活', '支える', '生活', '送る', '思う', 'いく', '立てる', '一緒', '暮らす', 'ふれあう', 'する', '出かける']","['自分', 'お互い', '子供', '自分', '自分', '腹', 'そこ', 'いつ', 'どこ']"
"['穏やか', '強い', '嫌', 'ない', '余分']","['気に入る', 'つく', 'なる', 'ある', '威圧', '頼む', '返事', 'する', '会話', 'する', '間違う', '行動', 'する', 'ある', '行動', 'ある', 'ある', '指示', 'する', '行動', 'する', '進む', '計画', '立てる', '実行', 'する', 'ある']","['悪態', '年', '性格', '鬼', '形相', '人', '言葉', '人', '付き合い', '早め', '早め', '自分']"
[],"['ある', '接す', '欲求', '満たす', '率先', 'する', '絡む']","['人', '身', '自分']"
"['悪い', 'ない']",['聞く'],"['評判', '周囲']"
"['ない', 'いい', '悪い', 'ない', 'ない', '普通']","['ある', 'ある', '仕事', 'ある', '考える', '行動', 'する', 'ある', '思う']","['エピソード', '感じ', '責任', '私生活', '後先', 'エピソード']"
[],[],[]
"['広い', 'やわらかい', 'ない', '主', '積極']","['わかる', '向き合う', '仕事', 'わかる', '下調べ', 'する', '行動', 'する', '仕事', 'ある', '思う', '思う']","['心', '言葉', '相手', '家庭', '何事', '面', '事業', '自分', '社交', '人間']"
[],"['思う', '浮かぶ', '思う', '浮かぶ', 'いう', '思う', '浮かぶ', 'いう', 'いう', '思う', '浮かぶ']","['これ', 'これ', 'これ']"
['ない'],"['怒る', '解凍', 'する']",['人見知り']
"['極度', 'ない', '積極', 'ない', '非常', '正しい']","['やる', 'つける', '変える', 'ある', '取引', '失礼', '心配', 'する', '恐れる', 'てる', 'ほったらかす', '取引']","['いちゃもん', '人', '態度', '自分', '他', '礼儀']"
"['俗', 'うまい', '良い', '良い', '良い', '多い', '大胆', '大好き', '多い']","['ある', '出る', '言う', '入る', '旅行', '約束', 'なる', 'する', '意見', '変わる', '振り回す', '誘う', '聞こえる']","['短気', 'キレ', '表情', 'タイプ', '人', 'タイプ', '相手', '懐', 'ノリ', '愛嬌', '直前', '愛嬌', 'パチンコ', '車', 'スピード', '人', '周り', '笑い声']"
[],[],[]
"['明るい', '親しい', '明るい']","['怒る', 'とっつく', '心配', '仕事', 'する', '心配', '入れる', '爆発', 'する', '心配', 'なる', 'くる', '持つ', '帰る', 'する', 'なれる', 'なれる']","['人', '薬品', '袋', '夜中', '会社', '家', '誰', '人', 'だれ']"
['よい'],"['引く', 'やり遂げる', '動く', '出る', '言える']","['あと', '人当たり', '表']"
"['自分勝手', 'いい']","['考える', '言う']","['相手', '悪口', '外面']"
"['若い', 'すごい', '嫌', '悪い', '良い', '破天荒', '真面目', '大切', '達者']","['聞かす', 'からむ', 'けっこう', 'いう', '生む', '言う', 'する', '誘う', '行く', 'しゃべる', '通う']","['自己', '人', '酒', '愚痴', '物', 'タイプ', '私', '逆', 'あんた', 'ショック', 'わり', '人', '義理', '人情', 'どこ', '割', '人気もの', '仲間']"
"['ない', 'ない', 'ない']","['思い当たる', '思い当たる', '出かける']",['エピソード']
"['辛い', '好き', '積極']","['なる', '行動', 'する', '会える', '話', '聞く', '始める', '意見', '調べる', '納得', 'する', '行動', 'する', 'やる', '一緒', 'やる', 'やる']","['こちら', '身', '心身', '声', '何', '人', '自分', '人', 'それ', '消極']"
"['広い', '不明', 'ない', '嫌い', '悪い', '悪い', '素直', '真面目', '強い', '慎重', '積極', '苦手', '強い', 'ない']","['付き合える', '感じる', 'できる', '総合', '思う', '思う', '可愛がる', '思う', '下調べ', 'する', 'びっくり', 'する', '行動', 'する', '意識', '思う', '会話', '困る']","['こころ', '人', '割', '好き嫌い', 'それ', '付き合い', '感じ', '寝起き', '機嫌', '責任', '年上', '人', 'かなり', '何', '事前', '自分', '趣味', 'こちら', '消極', '社交', '初対面', '人']"
"['多い', '陰湿', 'いい加減', '多い', 'ない', '多い', '深い']","['する', 'する', '一貫', '知る']","['人', '人間', '感じ', '仕事場', '人間', '人間']"
"['早い', '問題', '悪い', '必要', '素晴らしい', '様々', '良い', 'よい']","['見抜く', 'ある', '伸ばす', '補う', '見る', 'かける', '差し入れる', '依頼', 'する', '進捗', '教える', 'やり遂げる', '期待', '応える', 'する', '仕事', '行動', '起こす', '影響', '考える', '行う', '働く', '派遣', 'アルバイト', '関係', '築く', '接す', 'する', '選ぶ', '雑談', '食事', '参加', 'する']","['長所', '短所', '自分', '長所', '短所', '自分', '姿勢', '周囲', '人', '体調', '声', '気遣い', '状況', '最後', 'こちら', '面', '何', '人物', '自分', '下', '社員', '距離', '付き合い', '人', '様子', '昼食']"
['自分勝手'],"['知る', '知る', '知る', '理解', 'できる', '知る']","['みんな', '井', '蛙', '大海', '田舎', '礼儀', '世の中', '本質', '人間', 'マナー']"
"['ない', 'ない']","['解答', '解答']",[]
[],[],[]
"['優しい', '辛い', '優しい', '公平', '優しい']","['遅れる', '怒る', '迎える', '感じる', '疲れる', '話す', '聞く', 'ある', '安心', 'ある', '率先', 'する', '行動', 'する', '見る', '判断', 'する', '客観', '判断', 'する', '感じる', '考える', '考える', '行動', 'する', '合わせる', '持つ']","['笑顔', '大抵', '自分', '外見', '実績', '周り', '相手']"
"['慎重', '積極', '新しい', 'ない', '必要']","['分かる', 'ある', '尊重', 'する', '仕事', '利用', '接す', '好く', '尊敬', 'する', '仕事', '連絡', '対応', 'する', '仕事', 'ある', '感じる', 'ある', '考える', '動く', '聞く', '行う', '言う', '入る', 'なる', 'ある', 'する', '接する', '言う']","['たま', '怒り', 'スイッチ', '基本', '私', '人当たり', '抜群', '誰', '個人', '最大', '長所', '休み', '責任', '何', '私', '妻', '感じ', 'スイッチ', '中年', '興味', '感じ', '人', '苦']"
"['ない', '少ない']","['いう', 'する', '怒る', '怒る', 'する', '言う', 'やりとげる', '計画', 'たてる', '動く', '飲む', '行く']","['顔', '何事', '自分']"
"['広い', '良好', '大人しい', '静か', '大人しい']","['許容', '納得', 'する', '受け入れる', '関係', '入院', 'する', 'する', '助ける', 'ある', '悪化', 'する', '生活', 'する', '生活', 'する', 'いう']","['範囲', '兄妹', '自分', '持病', '症状', 'どちら', '引っ込み思案', 'インドア']"
[],"['信頼', 'できる', '行動', 'ある']","['倫理', '人物', 'ひと']"
[],"['対応', '持つ']","['仕事場', 'お客', '何事', '興味']"
[],[],[]
"['ない', 'ない', 'ない', 'ない', 'ない', 'ない']","['わかる', 'わかる', 'わかる', 'わかる', 'わかる', 'わかる']",[]
['ない'],['回答'],[]
"['悪い', '面倒い', 'ない']","['否定', 'する', 'なる', 'する', '動く', '出せる', 'ある', '話す', '好く']","['自分', '機嫌', '笑顔', '興味', '消極', '受け身', '性格']"
"['ない', '難しい', 'いい', 'いい', 'いい', '悪い', '強い', 'いい', '面倒', '適当', '速い', '軽率', '積極', 'ない', 'ない', '速い', '得意']","['する', '話', '聞く', '話す', '送る', '理解', 'する', 'わかる', '返事', 'する', '暴言', '帰る', '変える', '見える', '頼れる', '思う', '演じる', 'とる', '特定', '見る', 'する', '思う', '扱い', 'する', '回転', '思う', '考える', '出す', '傷つける', '思う', '見せる', '思う', 'する', '行動', 'する', '世話', '焼く', '来る', 'する', '感謝', 'する', '回転', 'まくし立てる', '話す', '負ける', '接す']","['相手', '人', '主語', 'メッセージ', '相手', '態度', '人', '相手', '感じ', '人', '相手', '感じ', '態度', '人', '責任', '人', '顔', '人', '相手', '頭', '口', '私', '人', '自分', '人', 'メッセージ', '返信', '人', '返信', '何', '返信', '頭', '相手', '人']"
"['薄い', 'ない', '広い', '嫌い', '厳しい', '不機嫌', '長い', '端的', '多い', '悪い', '少ない', '仕方', 'うすい', '欲しい', '慎重', '極端', '怖い', 'よい', '軽やか', 'ない', '苦手', '不安']","['接す', 'する', '批判', '抱く', '持つ', 'いう', '忘れる', '思う', '話す', 'はしょる', '伝える', '失敗', 'する', '誤解', 'する', 'やる', '頼む', 'メモ', 'とる', '忘れる', '忘れる', 'する', 'メモ', 'とる', 'する', '行動', '思う', '発言', 'する', '考える', 'ある', '考える', '発言', 'する', '注文', 'する', 'する', '後悔', 'する', '読む', 'する', 'いう', '買い物', 'ある', '推す', '購入', 'する', '選ぶ', '支持', 'する', '動く', '動ける', '思う', '伝える', '避ける', '話す', '見つける', '乗る', '聞く', '知る', '話す', '続く', '開示', 'する']","['関心', '人', '心', '半面', '人', '何', '根', '言葉', '感じ', '自分', '気持ち', '責任', '場', '雰囲気', 'そこ', 'メニュー', 'クリック', '好条件', '真ん中', '自分', 'こちら', '考え', '波', 'サー', 'ファー', '自信', '人', '言葉', '自分']"
"['多い', '良い']","['ある', '約束', '守る']","['文句', '裏表', '人当たり']"
[],[],[]
"['つよい', 'ない']","['質問', 'ぼんやり', 'する', '答える', '判断', 'できる', '遭遇', 'する', 'わかる', 'できる', '出かける', '話しかける']","['偏見', '先入観', '自分', '一般', '場面', '日本語', '世界中', '誰']"
"['明るい', '慎重']","['言う', '聞く', '頼る', 'よる', '思う', '磨く', '試験', '挑戦', 'する', '話せる']","['片付け', '職場', '自分', '資格', '誰']"
"['優しい', 'うまい', 'よい', '広い']","['話', '持つ', '広がる', '意見', 'する']","['欠', 'パワー', '顔']"
"['ない', '悪い', '慎重']","['怒る', '見る', 'する', '思う', 'いる', '思う', '全う', 'する', '努力', 'する', '思う', '信頼', 'する', '導き出す', 'いう', '思う', 'ある', '向かう']","['人', '自分', '責務', '誰', 'どちら', '興味', '感じ', '誰', 'フレンドリー']"
['明るい'],"['許す', '笑わせる', 'なごむ', '頼む', 'やる', 'なる', 'つく', '話せる']","['大抵', '場', '心', '支え', '人', '消極', 'イラ', '場', '誰']"
"['微妙', 'すごい', 'いい', 'いい', 'いい', '正直', 'いい']","['思う', '思う', '思う', 'いる', 'いえる', '思う']","['最高', '炉', '最高', 'どちら', '感じ']"
[],"['見渡せる', '尊敬', 'する']","['ポーカー', 'フェイス', '人見知り']"
[],['回答'],[]
"['単純', '適当', '無い', 'ない']","['言う', '思う']","['短気', '人', '知的', '度胸', 'どちら']"
[],"['図れる', '見る', 'ある', 'おもう', '保守', '思う', '交流', 'する']","['他人', '距離', '偏見', '人', '本人', '責任', '人間', '身内']"
"['完全', '好き', '良い', '慎重', '軽率', '積極', '面倒']","['反する', '否定', 'する', '尊敬', 'できる', 'もつ', 'あたる', '放置', 'ある', '関係', '合う', '入る', '会話', 'する']","['自分', '中心', '自分', '考え', '思い', '人間', '自分', '責任', 'それ', '頭', '人間', '人付き合い', '自分', '欲望', '趣旨', '消極', '酒', '誰']"
"['偉い', '新しい', '見苦しい', '低い', '多い']","['接客', 'する', 'する', 'できる', '回す', 'ミス', 'する', '恐怖', 'ある', '言い訳', 'する', '挑戦', 'する', '思う', '話', '合う', '話', '盛り上がる']","['客', '立場', '人', '何', '自身', '社交', '知性']"
"['広い', 'まじめ', '前向き']","['教育', 'なる', '教育', '持つ', '教育', '教育', '教育', '関係']","['心', '悪人', '責任', '家庭', '家族', '家族', '自己', '責任', '関わり']"
"['悪い', 'ない', '慎重', '積極']",['管理'],"['お互い', '中間', 'それなり', 'お互い']"
"['多い', '新しい']","['気に入る', '受け入れる', '差別', 'する', '引越し', '分', '搬送', 'する', '搬送', '手続き', '後始末', '行う', '知る', 'やる', 'やる', '頼る', '頼る', 'いる', '無視', 'する', '実行', 'する', '関係', '作る', 'ある', 'なる']","['自分', '職業', '人', '本人', '荷物', '子供', '荷物', '残り', '自分', '人', '人', '手順', '人間', '趣味', 'サークル', 'ドック', 'ラン', '人', '知り合い']"
[],[],[]
[],[],[]
[],[],['柿原']
[],[],[]
['適当'],[],['割']
"['好き', '余計', '積極']","['困る', '掛ける', 'する', '見る', '聞く', 'する', '滑る', 'いう', '待つ', 'リレー', '練習', 'する', '掛ける', 'する']","['不馴れ', '声', 'お喋り', '口', 'どちら', '最初', '体育', '大会', '自主', 'メンバー', '声']"
"['自由', '良い', 'ない', '軽率', '多い']","['行動', '口出し', 'する', 'できる', '言える', 'ある', '行動', 'する', '発言', 'する']","['私', '外面', '何', 'お金', '立場', 'ネット', 'ネット', '社交']"
[],[],[]
"['ない', 'ない', 'ない']","['仕事', '仕事', 'する', '思う', '会う', '仕事', 'わかる']","['付き合い', '用事', '付き合い']"
['色々'],"['看護', '突っ込む', '出る', 'なる']","['仏頂面', '手', '友達']"
"['ない', 'ない', '慎重']","['意見', '噛み合う', '違う', 'ある', '見える', '感じる', '行動', 'する', '思う', '外出', '落とす', 'する', 'やる', '行動', 'する']","['自分', '責任', '人', '興味', '責任', '持ち物', '家', '自分', '趣味']"
"['好き', '悪い', '好き', '慎重', '好き', '積極', '良い']","['する', '見える', '思う', 'する', '執着', 'する', '抜ける', 'ある', '思う', 'する', '思う']","['自分', 'それ', '周り', '自分', '感じ', '自分', '基本', '自分', '外交']"
"['うまい', '入念']","['話しかける', '付き合う', '話す', '準備', 'する', 'する']","['近所', '方々', '家計', '保険', '近所', '高齢', '長話']"
[],[],[]
['ない'],[],[]
"['狭い', 'ない', '良い', '楽しい', '軽率', 'ない']","['思う', '会話', 'ある', '言える']","['心', '機嫌', '責任', 'どちら', '他人', '社交']"
['深い'],"['考える', '行動', '移す']",[]
"['良い', '悪い']","['怒る', '考える', '考える', '引く', 'こもる']","['外面', '自分', '自分', '家', '感じ']"
[],['なる'],[]
[],[],[]
[],[],[]
[],[],[]
[],[],[]
[],[],[]
"['狭い', '良い', 'ない', '慎重']",[],"['心', '感じ', '責任', '消極', '社交']"
"['多い', '親しい', '多い']",['決める'],"['自分', '友人']"
[],[],[]
"['細かい', '細かい']",['する'],[]
"['優しい', '短気', '悪い', 'ない', 'ない', 'ない']","['ある', '婚姻', '仕事', '辞める', '苦労', 'する', '計画', '辞める', '立つ', 'する', '失敗', 'する', 'する', '関係', '辞める']","['面', '人', '程度', '収入', '会社', '事業', '興味', '何', '好き嫌い', '職場', '対人']"
"['良い', '新しい']","['失敗', '許す', '仕事', 'する', '挑戦', 'する', '挨拶', 'する']",['人当たり']
"['ない', 'よい', 'よい', 'よい', 'よい']",[],[]
"['ない', 'ない', 'ない', 'ない', 'ない', 'ない']",[],['なに']
[],[],[]
['良い'],"['我慢', 'する', '頼る']","['私', 'わがまま', '私', '私', '家族', '人当たり']"
"['やさしい', 'まじめ', '慎重']",[],[]
"['問題', '温厚', 'ない']","['なくなる', '配る', 'ある', '動じる']","['憂', '経済', '不可', '専業', '主婦']"
"['好都合', 'いい', 'ルーズ', '好き', '多い']","['言える', 'する', 'ある', '感じる', 'ある', '行動', 'ある', '減る', 'すぎる']","['どっち', '自分', '人', '顔', '責任', 'お金', '気持ち', '本気', '関わり', '人', '社交']"
"['いい', '慎重']","['わかる', '押す', '潰す', 'なる', '思う', '知る', '喋る']","['愛想', '責任', 'そこ', '消極', '人', '人']"
['面倒'],"['困る', '給与', '関わる', '思う']",[]
"['少ない', '少ない']","['変化', 'わかる', '変化', 'わかる', 'いる', 'ある', '思う']","['表情', '表情', '社会', 'それなり', '地位', '社交']"
"['激しい', 'ない', '必要', 'ない', 'ない', '積極', 'ない']","['する', '間違える', '確認', '買う']","['裏表', '私', '責任', '場面']"
"['ない', 'ない']","['喋る', '仕事', 'ある', '居る']","['何事', '関心', '責任', '家庭', '責任', '関心', '友達']"
"['朗らか', 'ない']","['思う', '出す', '一緒', 'いる', 'フォロー', 'する', 'ある', 'チャレンジ', 'する', '出かける']","['人柄', '口', 'なん', '毎日', '日', '中']"
"['短気', '真剣', '高い', '義理堅い', 'ない']","['ある', '言う', 'ある', '仕事', '行動', 'ある']","['ブラック', 'ジョーク', '友達', '数']"
[],[],['あな']
[],"['対応', 'する']",['相手']
['やさしい'],"['理解', 'する', '仕事', 'ある', '生きる', 'やる', 'いる']","['責任', '自分', '友人']"
[],"['見える', '回答', '回答', '回答', '回答', '回答']",['本心']
"['良い', 'めんどい']","['思う', 'みる', 'みる', '入る', '見る', 'やる', 'はやる', 'する', '行動', 'する', 'する', '打ち解ける']","['人', '立場', '目上', '自分', '世界', '周り', 'タイプ', 'ノー', 'プラン', '物怖じ', '誰']"
"['神経質', '無責任', '簡単', '旺盛', '新しい']","['好く', 'ある', '考える', 'ある', 'チャレンジ', 'する', 'なる']","['誰', '部分', '物事', '好奇', '誰']"
"['ない', 'ない', 'ない', 'ない', 'ない', 'ない']",[],[]
[],[],[]
"['ない', '陰険']",[],['いとう']
[],[],[]
"['ない', '優しい']","['頼れる', '分かる', '探究', 'ある', 'なる']",['誰']
[],[],[]
"['狭い', '広い', '良い', '前向き']","['ある', 'ある', 'いる']","['部分', '部分', '外面', '警察', '幹部', '出身', '人柄', '近所', '地元', '職場', '仲間']"
['軽い'],['怒る'],['口']
[],"['行く', '話', 'する', 'なる', '言う']","['ライブ', '友達']"
[],"['ある', 'ある', 'ある', 'ある', 'ある']",['ありま']
[],[],[]
['怖い'],"['する', '障る']",['見た目']
[],[],['一般']
['うい'],['ゆく'],[]
"['ない', 'ない']",[],[]
['ない'],"['する', 'あう', 'わかる', 'わかる', 'する']","['やつ', '考え', '気']"
"['自由', '好き', '嫌', 'ない', 'ない', '特別', 'ない', '積極', '積極']","['する', 'やる', '反対', 'する', '言う', 'する', 'する', '見る', '仕事', 'ある', '行動', '起こす', '任せる', '仕事', '関係', '飲む', '行く', 'する', '行く']","['子供', '進路', '本人', '人', '悪口', '顔', '責任', '家', '責任', 'エピソード', '子供', '何', '自分', '私', '人', '私', 'どこ']"
"['悪い', 'ない']","['言える', 'ある', '思う', '思う', '言える']","['どちら', '印象', 'どちら', '社交']"
"['広い', '極端', '狭い', '良い', '深い']","['感じる', 'ある', 'ある', '感じる', 'ある', '転嫁', 'する', 'ある', '考える', '行動', '移す', 'ある', '思い込む', '行動', 'する', '電話', 'かける', '拒否', '反応', '示す', 'ある']","['心', '心', '八方美人', '表向き', '感じ', '責任']"
[],[],"['ナシ', 'ナシ', 'ナシ']"
[],[],['ボランティア']
[],"['左右', 'する']",['機嫌']
[],[],[]
['いい'],[],"['気前', '見た目', '性格']"
"['柔らかい', 'エネルギッシュ', '気軽']","['受け入れる', '頼む', 'やり遂げる', '考える', '行動', 'する', 'ある', '話しかける']","['なん', '印象', '最後', '好奇']"
['ない'],[],['カイト']
"['明るい', '明るい']",[],[]
[],[],[]
"['優しい', '早い', 'ない']","['受け止める', '接す', '持つ', '背負う', '買い物', 'かんがみる', '買う', '生活', '判断', '持てる']","['私', '自身', 'わ', '笑顔', '私', '自身', '責任', 'コストパフォーマンス', '日常', '物事', '男女', '隔たり', '誰', '交友']"
[],"['回答', 'いなす']",[]
[],[],[]
[],[],[]
['悪い'],['なる'],[]
['ない'],[],[]
[],[],['菜']
[],[],[]
"['冷たい', '真面目', 'いい']","['仕事', '言う', '言う']",['言動']
"['悪い', 'ない']","['言える', 'しゃしゃり出る', 'しゃしゃり出る', '言える']","['何', 'なん']"
"['広い', '悪い', '慎重', '無い']","['思う', '思う', '言える', '行動', 'する']","['心', '感じ', 'どちら', 'どちら']"
"['軽率', '慎重', '面倒', '迷惑', '無理', 'ない']","['思う', 'いう', '引く', '押し入る', '結婚', '生活', '就職', '呼ぶ', '嫁ぐ', '介護', 'する', '着せる', 'しく', '言う', '慣れる', '作業', '押し付ける', '罹患', 'する', 'する', '非難', 'する', 'ある', '判断', '持ち合わせる', 'する', 'やる', 'かける', '出来る', '思う', '執着', 'する', '妄想', '取れる']","['精神病', '家族', '自身', '他者', '境界', '他者', '永久', '年寄り', '恩', '人任せ', '他人', '家族', '病人', '様子', 'お前', 'お前', 'お前', 'お前', '切り', '私', '思い込み']"
['ない'],[],['いとう']
"['新しい', '好き', 'うまい']","['考える', '合わせる']","['自己', '中心', '自己', '中心', '自己', '中心', '自分', '周り']"
"['優しい', '軽率']","['思う', '飲食', '注文', 'する', '営業']","['笑顔', '責任', '人並み', 'マン']"
['ない'],[],['海津']
"['優しい', '良い', '強い', '慎重', '積極']",[],"['誰', '感じ', '何事', '責任', '何事', '何事', '社交']"
"['狭い', '気難しい', '良い', 'ない', '強い', '問題', 'ない', 'ない', 'アクティブ']","['取る', '許容', '言える', 'ずば抜ける', '思う', '投げ出す', '動く', '取る']","['人', '揚げ足', 'わがまま', 'キレ', '範囲', '性格', '人間', '悪人', '責任', '家庭', 'どちら', 'タイプ', '人', 'コミュニケーション', '人間']"
